,bib_2,id_2,name_2,q_rank_2,q_speed_2,q_split1_2,q_split2_2,q_split3_2,q_split4_2,q_split5_2,q_start_2,q_start_rev_2,q_status_2,uci,q_points_2,r_points_2,rank_2,speed_2,split1_2,split2_2,split3_2,split4_2,split5_2,start_2,start_rev_2,status_2,points_2,qr_diff_2,q_split1_rank_2,q_split1_vs_best_2,q_split1_vs_winner_2,q_split2_rank_2,q_split2_vs_best_2,q_split2_vs_winner_2,q_split2_sector_2,q_split2_sector_rank_2,q_split2_sector_vs_best_2,q_split2_sector_vs_winner_2,q_split3_rank_2,q_split3_vs_best_2,q_split3_vs_winner_2,q_split3_sector_2,q_split3_sector_rank_2,q_split3_sector_vs_best_2,q_split3_sector_vs_winner_2,q_split4_rank_2,q_split4_vs_best_2,q_split4_vs_winner_2,q_split4_sector_2,q_split4_sector_rank_2,q_split4_sector_vs_best_2,q_split4_sector_vs_winner_2,q_split5_rank_2,q_split5_vs_best_2,q_split5_vs_winner_2,q_split5_sector_2,q_split5_sector_rank_2,q_split5_sector_vs_best_2,q_split5_sector_vs_winner_2,split1_rank_2,split1_vs_best_2,split1_vs_winner_2,split2_rank_2,split2_vs_best_2,split2_vs_winner_2,split2_sector_2,split2_sector_rank_2,split2_sector_vs_best_2,split2_sector_vs_winner_2,split3_rank_2,split3_vs_best_2,split3_vs_winner_2,split3_sector_2,split3_sector_rank_2,split3_sector_vs_best_2,split3_sector_vs_winner_2,split4_rank_2,split4_vs_best_2,split4_vs_winner_2,split4_sector_2,split4_sector_rank_2,split4_sector_vs_best_2,split4_sector_vs_winner_2,split5_rank_2,split5_vs_best_2,split5_vs_winner_2,split5_sector_2,split5_sector_rank_2,split5_sector_vs_best_2,split5_sector_vs_winner_2,speed_ms_2,speed_ms_vs_best_2,speed_rank_2,q_speed_rank_2,BirthDate_2,CategoryCode_2,FamilyName_2,GivenName_2,Id_2,Nation_2,Outfit_2,PrintName_2,Protected_2,RaceId_2,RaceNr_2,ScoreboardName_2,StartOrder_2,StartTime_2,UciCode_2,UciRank_2,UciRiderId_2,UciTeamCode_2,UciTeamId_2,UciTeamName_2,WorldCupRank_2,Age_2,bib_3,id_3,name_3,q_rank_3,q_speed_3,q_split1_3,q_split2_3,q_split3_3,q_split4_3,q_split5_3,q_start_3,q_start_rev_3,q_status_3,q_points_3,r_points_3,rank_3,speed_3,split1_3,split2_3,split3_3,split4_3,split5_3,start_3,start_rev_3,status_3,points_3,qr_diff_3,q_split1_rank_3,q_split1_vs_best_3,q_split1_vs_winner_3,q_split2_rank_3,q_split2_vs_best_3,q_split2_vs_winner_3,q_split2_sector_3,q_split2_sector_rank_3,q_split2_sector_vs_best_3,q_split2_sector_vs_winner_3,q_split3_rank_3,q_split3_vs_best_3,q_split3_vs_winner_3,q_split3_sector_3,q_split3_sector_rank_3,q_split3_sector_vs_best_3,q_split3_sector_vs_winner_3,q_split4_rank_3,q_split4_vs_best_3,q_split4_vs_winner_3,q_split4_sector_3,q_split4_sector_rank_3,q_split4_sector_vs_best_3,q_split4_sector_vs_winner_3,q_split5_rank_3,q_split5_vs_best_3,q_split5_vs_winner_3,q_split5_sector_3,q_split5_sector_rank_3,q_split5_sector_vs_best_3,q_split5_sector_vs_winner_3,split1_rank_3,split1_vs_best_3,split1_vs_winner_3,split2_rank_3,split2_vs_best_3,split2_vs_winner_3,split2_sector_3,split2_sector_rank_3,split2_sector_vs_best_3,split2_sector_vs_winner_3,split3_rank_3,split3_vs_best_3,split3_vs_winner_3,split3_sector_3,split3_sector_rank_3,split3_sector_vs_best_3,split3_sector_vs_winner_3,split4_rank_3,split4_vs_best_3,split4_vs_winner_3,split4_sector_3,split4_sector_rank_3,split4_sector_vs_best_3,split4_sector_vs_winner_3,split5_rank_3,split5_vs_best_3,split5_vs_winner_3,split5_sector_3,split5_sector_rank_3,split5_sector_vs_best_3,split5_sector_vs_winner_3,speed_ms_3,speed_ms_vs_best_3,speed_rank_3,q_speed_rank_3,BirthDate_3,CategoryCode_3,FamilyName_3,GivenName_3,Id_3,Nation_3,Outfit_3,PrintName_3,Protected_3,RaceId_3,RaceNr_3,ScoreboardName_3,StartOrder_3,StartTime_3,UciCode_3,UciRank_3,UciRiderId_3,UciTeamCode_3,UciTeamId_3,UciTeamName_3,WorldCupRank_3,Age_3,bib,id,name,q_rank,q_speed,q_split1,q_split2,q_split3,q_split4,q_split5,q_start,q_start_rev,q_status,q_points,r_points,rank,speed,split1,split2,split3,split4,split5,start,start_rev,status,points,qr_diff,q_split1_rank,q_split1_vs_best,q_split1_vs_winner,q_split2_rank,q_split2_vs_best,q_split2_vs_winner,q_split2_sector,q_split2_sector_rank,q_split2_sector_vs_best,q_split2_sector_vs_winner,q_split3_rank,q_split3_vs_best,q_split3_vs_winner,q_split3_sector,q_split3_sector_rank,q_split3_sector_vs_best,q_split3_sector_vs_winner,q_split4_rank,q_split4_vs_best,q_split4_vs_winner,q_split4_sector,q_split4_sector_rank,q_split4_sector_vs_best,q_split4_sector_vs_winner,q_split5_rank,q_split5_vs_best,q_split5_vs_winner,q_split5_sector,q_split5_sector_rank,q_split5_sector_vs_best,q_split5_sector_vs_winner,split1_rank,split1_vs_best,split1_vs_winner,split2_rank,split2_vs_best,split2_vs_winner,split2_sector,split2_sector_rank,split2_sector_vs_best,split2_sector_vs_winner,split3_rank,split3_vs_best,split3_vs_winner,split3_sector,split3_sector_rank,split3_sector_vs_best,split3_sector_vs_winner,split4_rank,split4_vs_best,split4_vs_winner,split4_sector,split4_sector_rank,split4_sector_vs_best,split4_sector_vs_winner,split5_rank,split5_vs_best,split5_vs_winner,split5_sector,split5_sector_rank,split5_sector_vs_best,split5_sector_vs_winner,speed_ms,speed_ms_vs_best,speed_rank,q_speed_rank,BirthDate,CategoryCode,FamilyName,GivenName,Id,Nation,Outfit,PrintName,Protected,RaceId,RaceNr,ScoreboardName,StartOrder,StartTime,UciCode,UciRank,UciRiderId,UciTeamCode,UciTeamId,UciTeamName,WorldCupRank,Age
0,1,2001,NICOLE Myriam,3,41.5,23.892,62.448,97.414,143.798,169.144,1,26,Finished,10004535237,30.0,200.0,1.0,25.34,23.471999999999998,60.224,92.25200000000001,135.352,160.70600000000002,14.0,3.0,Finished,230.0,-8.438000000000018,4.0,0.9029999999999988,0.0,1.0,0.0,0.0,38.556,1.0,0.0,0.0,1.0,0.0,0.0,34.966,4.0,0.26500000000000057,0.0,3.0,0.7860000000000014,0.0,46.38399999999999,7.0,2.430000000000007,0.0,3.0,1.8050000000000068,0.0,25.346000000000004,9.0,1.0190000000000057,0.0,3.0,0.625,0.0,1.0,0.0,0.0,36.752,1.0,0.0,0.0,1.0,0.0,0.0,32.028,1.0,0.0,0.0,1.0,0.0,0.0,43.10000000000001,2.0,0.1290000000000191,0.0,1.0,0.0,0.0,25.353999999999985,4.0,0.5659999999999741,0.0,7.038888888888889,2.1527777777777795,8.0,10.0,1990-02-08T00:00:00,WE,NICOLE,Myriam,1196904306182328,FRA,NCh,NICOLE Myriam,False,0,1,NICOLE M,1,48600000,FRA19900208,1,10004535237,CVN,1590,COMMENCAL / VALLNORD,1,28,1,2001,NICOLE Myriam,2,50.45,64.73100000000001,207.479,236.61900000000003,278.295,309.765,1,23,Finished,40.0,160.0,2.0,31.47,65.404,216.908,247.122,288.983,319.211,15.0,2.0,Finished,200.0,9.446000000000025,1.0,0.0,-1.0530000000000117,1.0,0.0,-8.072999999999979,142.74800000000005,1.0,0.0,-7.0199999999999525,1.0,0.0,-8.342000000000013,29.139999999999986,2.0,0.035999999999972936,-0.2690000000000339,2.0,0.6510000000000105,-8.632000000000005,41.676000000000016,2.0,1.554000000000002,-0.28999999999999204,2.0,1.9399999999999975,-7.143000000000028,31.469999999999967,8.0,1.5480000000000018,1.488999999999976,3.0,0.5900000000000034,0.5900000000000034,2.0,5.569999999999993,5.569999999999993,151.504,5.0,4.979999999999991,4.979999999999991,2.0,6.988000000000027,6.988000000000027,30.214000000000034,4.0,1.4180000000000348,1.4180000000000348,2.0,7.692000000000008,7.692000000000008,41.86099999999999,4.0,0.7379999999999995,0.7039999999999793,2.0,8.251000000000031,8.251000000000031,30.22800000000001,7.0,0.5590000000000259,0.5590000000000259,8.741666666666667,4.275,8.0,5.0,1990-02-08T00:00:00,WE,NICOLE,Myriam,1196990205528238,FRA,WCL,NICOLE Myriam,False,0,1,NICOLE M,1,48600000,FRA19900208,1,10004535237,CVN,1590,COMMENCAL / VALLNORD,1,28,1,2001,NICOLE Myriam,5,50.49,52.456,103.344,146.517,202.422,238.608,1,41,Finished,20.0,160.0,2.0,36.18,51.993,93.25,135.512,185.50900000000001,221.77900000000002,13.0,5.0,Finished,180.0,-16.829000000000008,1.0,0.0,-22.123999999999995,8.0,5.512999999999992,-13.598,50.88799999999999,32.0,8.525999999999996,8.525999999999996,5.0,6.790999999999998,-13.748999999999995,43.173,2.0,1.2780000000000058,-0.15099999999999625,7.0,10.680999999999985,-10.484000000000009,55.905,14.0,4.307999999999994,3.2649999999999864,5.0,11.379999999999995,-11.281000000000004,36.18600000000001,3.0,0.6990000000000123,-0.796999999999997,2.0,0.8999999999999986,0.8999999999999986,2.0,0.4080000000000013,0.4080000000000013,41.257,1.0,0.0,-0.4919999999999973,2.0,0.5010000000000048,0.5010000000000048,42.262,2.0,0.09300000000000352,0.09300000000000352,1.0,0.0,-0.5030000000000143,49.99699999999999,1.0,0.0,-1.004000000000019,2.0,0.6380000000000052,0.6380000000000052,36.27000000000001,4.0,1.8560000000000232,1.1410000000000196,10.05,0.9444444444444428,12.0,2.0,1990-02-08T00:00:00,WE,NICOLE,Myriam,1197024565271776,FRA,WCL,NICOLE Myriam,False,0,1,NICOLE M,1,48600000,FRA19900208,1,10004535237,CVN,1590,COMMENCAL / VALLNORD,1,28
1,4,2004,ATHERTON Rachel,1,43.03,22.989,63.123000000000005,97.824,143.012,167.33900000000003,4,23,Finished,10003434487,50.0,160.0,2.0,24.32,22.846999999999998,61.748000000000005,95.397,139.415,164.265,16.0,1.0,Finished,210.0,-3.0740000000000123,1.0,0.0,-0.9029999999999988,2.0,0.6749999999999972,0.6749999999999972,40.134,3.0,1.5780000000000032,1.5780000000000032,2.0,0.4099999999999966,0.4099999999999966,34.701,1.0,0.0,-0.26500000000000057,1.0,0.0,-0.7860000000000014,45.188,4.0,1.2340000000000089,-1.195999999999998,1.0,0.0,-1.8050000000000068,24.327,1.0,0.0,-1.0190000000000057,1.0,0.0,-0.625,3.0,1.524000000000001,1.524000000000001,38.901,4.0,2.149000000000001,2.149000000000001,2.0,3.1450000000000102,3.1450000000000102,33.64900000000001,2.0,1.621000000000009,1.621000000000009,2.0,4.062999999999988,4.062999999999988,44.017999999999994,4.0,1.046999999999997,0.9179999999999781,2.0,3.558999999999997,3.558999999999997,24.849999999999994,2.0,0.0619999999999834,-0.5039999999999907,6.755555555555556,2.4361111111111127,16.0,1.0,1987-12-06T00:00:00,WE,ATHERTON,Rachel,1196904306182331,GBR,NCh,ATHERTON Rachel,False,0,4,ATHERTON R,4,48690000,GBR19871206,7,10003434487,TDH,1598,TREK FACTORY RACING DH,4,30,2,2002,ATHERTON Rachel,1,50.61,64.79,208.081,237.52200000000002,277.644,307.825,2,22,Finished,50.0,140.0,3.0,30.18,65.12,218.27599999999998,247.81099999999998,289.281,320.01599999999996,16.0,1.0,Finished,190.0,12.191000000000033,2.0,0.05900000000001171,-0.9939999999999998,2.0,0.6019999999999754,-7.471000000000004,143.291,2.0,0.542999999999978,-6.4769999999999746,2.0,0.9029999999999916,-7.439000000000021,29.441000000000006,4.0,0.3369999999999891,0.031999999999982265,1.0,0.0,-9.283000000000015,40.122000000000014,1.0,0.0,-1.843999999999994,1.0,0.0,-9.083000000000027,30.180999999999987,3.0,0.2590000000000145,0.19999999999998866,2.0,0.3060000000000116,0.3060000000000116,3.0,6.9380000000000175,6.9380000000000175,153.156,8.0,6.632000000000005,6.632000000000005,3.0,7.677000000000022,7.677000000000022,29.535,2.0,0.7390000000000043,0.7390000000000043,3.0,7.990000000000008,7.990000000000008,41.47,3.0,0.3470000000000084,0.3129999999999882,3.0,9.05600000000004,9.05600000000004,30.73500000000001,11.0,1.066000000000031,1.066000000000031,8.383333333333333,4.633333333333335,13.0,4.0,1987-12-06T00:00:00,WE,ATHERTON,Rachel,1196990205528239,GBR,NCh,ATHERTON Rachel,False,0,2,ATHERTON R,2,48630000,GBR19871206,6,10003434487,TDH,1598,TREK FACTORY RACING DH,2,30,2,2002,ATHERTON Rachel,16,49.86,74.58,116.94200000000001,160.266,212.90599999999998,249.889,2,40,Finished,,200.0,1.0,36.98,51.093,92.84200000000001,135.011,186.012,221.141,10.0,8.0,Finished,200.0,-28.74800000000002,37.0,22.123999999999995,0.0,31.0,19.110999999999986,0.0,42.362,1.0,0.0,0.0,30.0,20.539999999999992,0.0,43.324,3.0,1.429000000000002,0.0,18.0,21.164999999999992,0.0,52.64000000000002,3.0,1.0430000000000064,0.0,16.0,22.660999999999998,0.0,36.983,5.0,1.496000000000009,0.0,1.0,0.0,0.0,1.0,0.0,0.0,41.749,2.0,0.4919999999999973,0.0,1.0,0.0,0.0,42.169,1.0,0.0,0.0,2.0,0.5030000000000143,0.0,51.00100000000001,2.0,1.004000000000019,0.0,1.0,0.0,0.0,35.12899999999999,2.0,0.7150000000000034,0.0,10.272222222222222,0.7222222222222214,10.0,3.0,1987-12-06T00:00:00,WE,ATHERTON,Rachel,1197024565271777,GBR,NCh,ATHERTON Rachel,False,0,2,ATHERTON R,2,48630000,GBR19871206,5,10003434487,TDH,1598,TREK FACTORY RACING DH,2,30
2,2,2002,SEAGRAVE Tahnee,6,42.89,23.379,64.166,100.00299999999999,146.578,171.331,2,25,Finished,10007414016,16.0,140.0,3.0,24.75,22.901999999999997,61.248000000000005,95.686,139.696,164.484,12.0,5.0,Finished,156.0,-6.846999999999981,2.0,0.39000000000000057,-0.5129999999999981,3.0,1.7179999999999964,1.7179999999999964,40.78699999999999,6.0,2.2309999999999945,2.2309999999999945,4.0,2.588999999999998,2.588999999999998,35.836999999999996,9.0,1.1360000000000028,0.8710000000000022,6.0,3.5660000000000025,2.780000000000001,46.575,8.0,2.6210000000000093,0.1910000000000025,6.0,3.9919999999999902,2.1869999999999834,24.752999999999986,2.0,0.4259999999999877,-0.5930000000000177,2.0,0.054999999999999716,-0.5700000000000003,2.0,1.0240000000000011,1.0240000000000011,38.346,2.0,1.5940000000000012,1.5940000000000012,3.0,3.434000000000012,3.434000000000012,34.43800000000001,7.0,2.410000000000011,2.410000000000011,3.0,4.343999999999993,4.343999999999993,44.00999999999999,3.0,1.0390000000000017,0.9099999999999824,3.0,3.7780000000000205,3.7780000000000205,24.78800000000001,1.0,0.0,-0.5659999999999741,6.875,2.316666666666668,15.0,2.0,1995-06-15T00:00:00,WE,SEAGRAVE,Tahnee,1196904306182329,GBR,,SEAGRAVE Tahnee,False,0,2,SEAGRAVE T,2,48630000,GBR19950615,3,10007414016,FMD,1863,TRANSITION BIKES / MUC-OFF FACTORY RACING,2,23,3,2003,SEAGRAVE Tahnee,3,50.77,65.78399999999999,215.55200000000002,244.96099999999998,286.927,316.908,3,21,Finished,30.0,200.0,1.0,29.98,64.814,211.338,240.13400000000001,281.291,310.96,14.0,3.0,Finished,230.0,-5.948000000000036,3.0,1.0530000000000117,0.0,3.0,8.072999999999979,0.0,149.76799999999997,4.0,7.0199999999999525,0.0,3.0,8.342000000000013,0.0,29.40900000000002,3.0,0.3050000000000068,0.0,3.0,9.283000000000015,0.0,41.96600000000001,4.0,1.843999999999994,0.0,3.0,9.083000000000027,0.0,29.980999999999995,2.0,0.05900000000002593,0.0,1.0,0.0,0.0,1.0,0.0,0.0,146.524,1.0,0.0,0.0,1.0,0.0,0.0,28.79599999999999,1.0,0.0,0.0,1.0,0.0,0.0,41.15700000000001,2.0,0.034000000000020236,0.0,1.0,0.0,0.0,29.668999999999986,1.0,0.0,0.0,8.327777777777778,4.68888888888889,14.0,3.0,1995-06-15T00:00:00,WE,SEAGRAVE,Tahnee,1196990205528240,GBR,,SEAGRAVE Tahnee,False,0,3,SEAGRAVE T,3,48660000,GBR19950615,2,10007414016,FMD,1863,TRANSITION BIKES / MUC-OFF FACTORY RACING,3,23,3,2003,SEAGRAVE Tahnee,1,,53.771,97.831,139.726,191.74099999999999,227.22799999999998,3,39,Finished,50.0,,,,,,,,,,,,50.0,,2.0,1.3149999999999975,-20.809,1.0,0.0,-19.110999999999986,44.06,3.0,1.6980000000000075,1.6980000000000075,1.0,0.0,-20.539999999999992,41.895,1.0,0.0,-1.429000000000002,1.0,0.0,-21.164999999999992,52.01500000000002,2.0,0.4180000000000064,-0.625,1.0,0.0,-22.660999999999998,35.48699999999999,1.0,0.0,-1.496000000000009,,,,,,,,,,,,,,,,,,,,,,,,,,,,,,,,,,,,1995-06-15T00:00:00,WE,SEAGRAVE,Tahnee,1197024565271778,GBR,,SEAGRAVE Tahnee,False,0,3,SEAGRAVE T,3,48660000,GBR19950615,2,10007414016,FMD,1863,TRANSITION BIKES / MUC-OFF FACTORY RACING,3,23
3,8,2008,CABIROU Marine,4,42.03,24.779,65.175,100.712,144.666,170.12900000000002,6,21,Finished,10009563069,25.0,125.0,4.0,25.46,24.295,63.483999999999995,97.391,140.362,165.935,13.0,4.0,Finished,150.0,-4.193999999999988,7.0,1.7899999999999991,0.8870000000000005,5.0,2.7269999999999968,2.7269999999999968,40.396,5.0,1.8400000000000036,1.8400000000000036,6.0,3.298000000000002,3.298000000000002,35.537000000000006,7.0,0.8360000000000056,0.5710000000000051,4.0,1.6539999999999964,0.8679999999999949,43.95399999999999,1.0,0.0,-2.430000000000007,4.0,2.7899999999999916,0.9849999999999852,25.462999999999994,11.0,1.1359999999999957,0.11699999999999022,6.0,1.4480000000000004,0.8230000000000004,5.0,3.2600000000000047,3.2600000000000047,39.189,5.0,2.4370000000000047,2.4370000000000047,5.0,5.139000000000009,5.139000000000009,33.907000000000004,4.0,1.8790000000000049,1.8790000000000049,4.0,5.009999999999991,5.009999999999991,42.97099999999999,1.0,0.0,-0.1290000000000191,4.0,5.2290000000000125,5.2290000000000125,25.57300000000001,7.0,0.7849999999999966,0.2190000000000225,7.072222222222222,2.1194444444444454,6.0,7.0,1997-03-12T00:00:00,WE,CABIROU,Marine,1196904306182333,FRA,,CABIROU Marine,False,0,8,CABIROU M,6,48750000,FRA19970312,5,10009563069,VVR,2096,VOULVOUL RACING,8,21,4,2004,CABIROU Marine,6,49.3,69.122,219.452,248.975,291.874,322.75,4,20,Finished,16.0,125.0,4.0,30.87,68.834,219.14700000000002,249.423,291.659,321.782,11.0,6.0,Finished,141.0,-0.9680000000000176,6.0,4.3910000000000045,3.3379999999999934,5.0,11.972999999999983,3.9000000000000057,150.32999999999996,5.0,7.581999999999965,0.5620000000000118,5.0,12.355999999999995,4.0139999999999825,29.523,6.0,0.4189999999999827,0.1139999999999759,6.0,14.230000000000016,4.947000000000003,42.899000000000036,8.0,2.7770000000000152,0.9330000000000211,6.0,14.925000000000011,5.8419999999999845,30.875999999999976,6.0,0.9540000000000076,0.8949999999999818,5.0,4.020000000000009,4.020000000000009,4.0,7.808999999999997,7.808999999999997,150.313,2.0,3.7889999999999873,3.7889999999999873,4.0,9.289000000000016,9.289000000000016,30.27600000000001,5.0,1.4800000000000182,1.4800000000000182,4.0,10.367999999999997,10.367999999999997,42.23599999999999,6.0,1.1129999999999995,1.0789999999999793,4.0,10.822000000000005,10.822000000000005,30.12299999999999,5.0,0.4540000000000077,0.4540000000000077,8.575000000000001,4.441666666666666,10.0,8.0,1997-03-12T00:00:00,WE,CABIROU,Marine,1196990205528241,FRA,,CABIROU Marine,False,0,4,CABIROU M,4,48690000,FRA19970312,4,10009563069,VVR,2096,VOULVOUL RACING,4,21,4,2004,CABIROU Marine,39,0.0,,,,,,4,38,DNF,,45.0,11.0,0.0,58.361000000000004,104.181,147.22,201.998,240.655,9.0,9.0,Finished,45.0,,,,,,,,,,,,,,,,,,,,,,,,,,,,,,,,,13.0,7.2679999999999945,7.2679999999999945,12.0,11.339,11.339,45.82,14.0,4.5630000000000015,4.071000000000005,10.0,12.209000000000005,12.209000000000005,43.038999999999994,5.0,0.8700000000000045,0.8700000000000045,11.0,16.489000000000004,15.98599999999999,54.77799999999999,10.0,4.781000000000006,3.776999999999987,11.0,19.514000000000014,19.514000000000014,38.65700000000001,11.0,4.243000000000023,3.5280000000000205,0.0,10.994444444444444,14.0,13.0,1997-03-12T00:00:00,WE,CABIROU,Marine,1197024565271779,FRA,,CABIROU Marine,False,0,4,CABIROU M,4,48690000,FRA19970312,4,10009563069,VVR,2096,VOULVOUL RACING,4,21
4,14,2014,HRASTNIK Monika,8,42.32,25.491,67.223,102.256,148.593,173.685,10,17,Finished,10017602955,12.0,95.0,6.0,25.09,25.733,67.321,101.54,147.683,173.635,7.0,10.0,Finished,107.0,-0.05000000000001137,13.0,2.501999999999999,1.5990000000000002,8.0,4.774999999999999,4.774999999999999,41.732,7.0,3.176000000000002,3.176000000000002,8.0,4.841999999999999,4.841999999999999,35.033,5.0,0.33200000000000074,0.06700000000000017,8.0,5.580999999999988,4.794999999999988,46.33699999999999,6.0,2.382999999999996,-0.047000000000011255,8.0,6.346000000000004,4.540999999999997,25.09200000000001,5.0,0.7650000000000148,-0.2539999999999907,12.0,2.8859999999999992,2.2609999999999992,7.0,7.097000000000001,7.097000000000001,41.588,7.0,4.835999999999999,4.835999999999999,7.0,9.288000000000013,9.288000000000013,34.21900000000001,6.0,2.1910000000000096,2.1910000000000096,6.0,12.330999999999989,12.330999999999989,46.142999999999994,7.0,3.171999999999997,3.042999999999978,6.0,12.929000000000002,12.929000000000002,25.952,9.0,1.1639999999999873,0.5980000000000132,6.969444444444445,2.222222222222223,12.0,5.0,1994-06-07T00:00:00,WE,HRASTNIK,Monika,1196904306182337,SLO,CCh,HRASTNIK Monika,False,0,14,HRASTNIK M,10,48870000,SLO19940607,8,10017602955,,0,,14,24,6,2006,HRASTNIK Monika,7,49.16,70.979,225.106,255.085,297.575,329.662,6,18,Finished,14.0,35.0,12.0,32.08,70.92399999999999,228.648,259.526,301.992,334.228,10.0,7.0,Finished,49.0,4.566000000000031,13.0,6.248000000000005,5.194999999999993,8.0,17.62699999999998,9.554000000000002,154.127,7.0,11.37899999999999,4.359000000000037,7.0,18.466000000000008,10.123999999999997,29.97900000000001,8.0,0.875,0.5699999999999932,7.0,19.930999999999983,10.647999999999966,42.489999999999974,6.0,2.3679999999999666,0.5239999999999725,7.0,21.83699999999999,12.753999999999962,32.08699999999999,12.0,2.1650000000000205,2.1059999999999945,15.0,6.110000000000013,6.110000000000013,12.0,17.310000000000002,17.310000000000002,157.724,12.0,11.199999999999989,11.199999999999989,11.0,19.392000000000024,19.392000000000024,30.87800000000001,8.0,2.082000000000022,2.082000000000022,11.0,20.701000000000025,20.701000000000025,42.46600000000001,8.0,1.3430000000000175,1.3089999999999975,12.0,23.268000000000033,23.268000000000033,32.23599999999999,14.0,2.5670000000000077,2.5670000000000077,8.911111111111111,4.105555555555556,4.0,9.0,1994-06-07T00:00:00,WE,HRASTNIK,Monika,1196990205528243,SLO,CCh,HRASTNIK Monika,False,0,6,HRASTNIK M,6,48750000,SLO19940607,8,10017602955,,0,,6,24,9,2009,HRASTNIK Monika,4,49.48,56.998999999999995,100.94200000000001,144.64600000000002,198.395,235.39,8,34,Finished,25.0,125.0,4.0,36.99,55.303000000000004,99.647,142.596,194.21400000000003,229.597,14.0,4.0,Finished,150.0,-5.792999999999977,5.0,4.542999999999998,-17.580999999999996,4.0,3.1109999999999904,-16.0,43.94299999999999,2.0,1.5809999999999957,1.5809999999999957,4.0,4.919999999999988,-15.620000000000005,43.70399999999999,4.0,1.8089999999999973,0.37999999999999545,4.0,6.653999999999996,-14.510999999999996,53.74900000000002,5.0,2.1520000000000152,1.1090000000000089,4.0,8.161999999999978,-14.499000000000025,36.994999999999976,6.0,1.5079999999999814,0.011999999999972031,6.0,4.209999999999994,4.209999999999994,5.0,6.805000000000009,6.805000000000009,44.34400000000001,7.0,3.0870000000000104,2.595000000000013,4.0,7.585000000000008,7.585000000000008,42.949,3.0,0.7800000000000011,0.7800000000000011,4.0,8.705000000000013,8.201999999999998,51.618,3.0,1.621000000000009,0.6169999999999902,4.0,8.456000000000017,8.456000000000017,35.38300000000001,3.0,0.9690000000000224,0.2540000000000191,10.275,0.7194444444444432,9.0,5.0,1994-06-07T00:00:00,WE,HRASTNIK,Monika,1197024565271783,SLO,CCh,HRASTNIK Monika,False,0,9,HRASTNIK M,8,48810000,SLO19940607,7,10017602955,,0,,9,24
5,5,2005,SIEGENTHALER Emilie,7,42.59,24.842,66.578,101.536,146.705,171.766,5,22,Finished,10004167243,14.0,80.0,7.0,25.06,24.839000000000002,70.361,106.006,151.454,177.593,11.0,6.0,Finished,94.0,5.826999999999997,8.0,1.852999999999998,0.9499999999999992,7.0,4.130000000000003,4.130000000000003,41.736,8.0,3.1800000000000064,3.1800000000000064,7.0,4.122,4.122,34.958,3.0,0.2569999999999979,-0.008000000000002672,7.0,3.693000000000012,2.9070000000000107,45.16900000000001,3.0,1.2150000000000176,-1.2149999999999892,7.0,4.4269999999999925,2.6219999999999857,25.060999999999982,4.0,0.7339999999999804,-0.285000000000025,8.0,1.991999999999997,1.366999999999997,13.0,10.137000000000008,10.137000000000008,45.52200000000001,14.0,8.77000000000001,8.77000000000001,11.0,13.754000000000005,13.754000000000005,35.645,8.0,3.616999999999997,3.616999999999997,7.0,16.102000000000004,16.102000000000004,45.44800000000001,6.0,2.477000000000018,2.347999999999999,7.0,16.887,16.887,26.13899999999998,11.0,1.350999999999971,0.7849999999999966,6.961111111111111,2.2305555555555565,13.0,4.0,1986-09-19T00:00:00,WE,SIEGENTHALER,Emilie,1196904306182332,SUI,,SIEGENTHALER Emilie,False,0,5,SIEGENTHALER,5,48720000,SUI19860919,6,10004167243,PFR,1864,PIVOT FACTORY RACING,5,31,8,2008,SIEGENTHALER Emilie,8,48.9,70.084,224.785,255.893,298.887,331.032,8,16,Finished,12.0,70.0,8.0,32.14,69.00399999999999,221.47299999999998,252.675,295.47,326.60400000000004,9.0,8.0,Finished,82.0,-4.427999999999997,11.0,5.353000000000009,4.299999999999997,7.0,17.305999999999983,9.233000000000004,154.701,8.0,11.952999999999975,4.933000000000021,8.0,19.274,10.931999999999988,31.108000000000004,13.0,2.0039999999999907,1.698999999999984,8.0,21.242999999999995,11.959999999999981,42.994,9.0,2.8719999999999857,1.0279999999999916,8.0,23.206999999999994,14.123999999999967,32.14499999999998,13.0,2.223000000000013,2.1639999999999877,6.0,4.190000000000012,4.190000000000012,7.0,10.13500000000002,10.13500000000002,152.469,6.0,5.944999999999991,5.944999999999991,8.0,12.541000000000027,12.541000000000027,31.202,10.0,2.406000000000006,2.406000000000006,8.0,14.179000000000029,14.179000000000029,42.795000000000016,9.0,1.6720000000000257,1.6380000000000052,8.0,15.644000000000005,15.644000000000005,31.13399999999996,12.0,1.464999999999975,1.464999999999975,8.927777777777779,4.088888888888889,3.0,10.0,1986-09-19T00:00:00,WE,SIEGENTHALER,Emilie,1196990205528245,SUI,,SIEGENTHALER Emilie,False,0,8,SIEGENTHALER,8,48810000,SUI19860919,5,10004167243,PFR,1864,PIVOT FACTORY RACING,8,31,7,2007,SIEGENTHALER Emilie,3,49.48,55.776,99.845,144.556,197.387,235.296,6,36,Finished,30.0,110.0,5.0,37.9,54.994,98.833,143.45,195.31099999999998,232.78,15.0,3.0,Finished,140.0,-2.5159999999999907,4.0,3.3200000000000003,-18.803999999999995,3.0,2.013999999999996,-17.096999999999994,44.069,4.0,1.7070000000000007,1.7070000000000007,3.0,4.8300000000000125,-15.709999999999981,44.71100000000001,9.0,2.8160000000000167,1.3870000000000149,3.0,5.645999999999987,-15.519000000000005,52.83099999999999,4.0,1.2339999999999804,0.19099999999997408,3.0,8.067999999999984,-14.593000000000016,37.90899999999999,10.0,2.421999999999997,0.9259999999999876,5.0,3.900999999999996,3.900999999999996,4.0,5.9910000000000005,5.9910000000000005,43.839,4.0,2.5820000000000007,2.0900000000000034,5.0,8.438999999999991,8.438999999999991,44.61699999999999,9.0,2.4479999999999933,2.4479999999999933,5.0,9.80200000000002,9.299000000000008,51.86100000000002,4.0,1.8640000000000327,0.8600000000000136,5.0,11.63900000000001,11.63900000000001,37.469,9.0,3.0550000000000064,2.3400000000000034,10.527777777777779,0.466666666666665,5.0,5.0,1986-09-19T00:00:00,WE,SIEGENTHALER,Emilie,1197024565271781,SUI,,SIEGENTHALER Emilie,False,0,7,SIEGENTHALER,6,48750000,SUI19860919,6,10004167243,PFR,1864,PIVOT FACTORY RACING,7,31
6,30,2030,CURD Katy,9,42.83,25.01,68.73,106.493,154.205,179.46900000000002,25,2,Finished,10006044292,10.0,70.0,8.0,25.26,25.08,67.73100000000001,104.743,152.632,177.84900000000002,6.0,11.0,Finished,80.0,-1.6200000000000043,9.0,2.021000000000001,1.1180000000000019,9.0,6.282000000000004,6.282000000000004,43.72,10.0,5.1640000000000015,5.1640000000000015,9.0,9.078999999999994,9.078999999999994,37.76299999999999,10.0,3.0619999999999905,2.7969999999999904,9.0,11.193000000000012,10.407000000000009,47.71200000000002,10.0,3.758000000000024,1.3280000000000172,9.0,12.129999999999995,10.324999999999989,25.26399999999998,8.0,0.9369999999999834,-0.08200000000002207,10.0,2.232999999999997,1.6079999999999968,8.0,7.506999999999998,7.506999999999998,42.651,8.0,5.899000000000001,5.899000000000001,8.0,12.491,12.491,37.012,11.0,4.984000000000002,4.984000000000002,8.0,17.28,17.28,47.88900000000001,10.0,4.9180000000000215,4.7890000000000015,8.0,17.143,17.143,25.216999999999985,3.0,0.4289999999999736,-0.13700000000000045,7.016666666666668,2.1750000000000007,9.0,3.0,1989-04-27T00:00:00,WE,CURD,Katy,1196904306182352,GBR,,CURD Katy,False,0,30,CURD K,25,49320000,GBR19890427,209,10006044292,,0,,0,29,9,2009,CURD Katy,19,35.53,68.637,225.43200000000002,265.748,324.04200000000003,370.91,9,15,Finished,,80.0,7.0,46.86,68.445,222.227,252.625,295.056,325.459,7.0,10.0,Finished,80.0,-45.45100000000002,5.0,3.9060000000000064,2.8529999999999944,9.0,17.952999999999975,9.879999999999997,156.795,9.0,14.046999999999967,7.027000000000014,15.0,29.12899999999999,20.786999999999978,40.316,20.0,11.211999999999987,10.906999999999984,19.0,46.397999999999975,37.11499999999995,58.29399999999998,22.0,18.17199999999997,16.327999999999975,19.0,63.085000000000036,54.00200000000001,46.868000000000045,21.0,16.946000000000087,16.887000000000054,4.0,3.631,3.631,9.0,10.88900000000001,10.88900000000001,153.782,9.0,7.25800000000001,7.25800000000001,7.0,12.491000000000017,12.491000000000017,30.398,6.0,1.602000000000004,1.602000000000004,7.0,13.764999999999983,13.764999999999983,42.430999999999976,7.0,1.3079999999999927,1.2739999999999725,7.0,14.499000000000025,14.499000000000025,30.40300000000002,9.0,0.7340000000000373,0.7340000000000373,13.016666666666667,0.0,1.0,15.0,1989-04-27T00:00:00,WE,CURD,Katy,1196990205528246,GBR,,CURD Katy,False,0,9,CURD K,9,48840000,GBR19890427,53,10006044292,,0,,9,29,8,2008,CURD Katy,9,47.34,57.648,103.34200000000001,147.713,202.153,240.993,7,35,Finished,10.0,80.0,7.0,38.84,55.653,100.184,143.485,197.396,236.15400000000002,11.0,7.0,Finished,90.0,-4.838999999999999,7.0,5.192,-16.931999999999995,7.0,5.510999999999997,-13.599999999999996,45.694,12.0,3.3320000000000007,3.3320000000000007,6.0,7.986999999999996,-12.552999999999995,44.371,8.0,2.475999999999999,1.046999999999997,5.0,10.411999999999976,-10.753000000000014,54.44,9.0,2.8429999999999893,1.799999999999983,9.0,13.764999999999983,-8.896000000000015,38.84,16.0,3.3530000000000086,1.8569999999999995,7.0,4.559999999999995,4.559999999999995,6.0,7.341999999999999,7.341999999999999,44.531000000000006,8.0,3.2740000000000014,2.782000000000004,6.0,8.474000000000018,8.474000000000018,43.301000000000016,6.0,1.1320000000000192,1.1320000000000192,6.0,11.887,11.383999999999983,53.91099999999997,7.0,3.9139999999999873,2.9099999999999686,7.0,15.013000000000005,15.013000000000005,38.75800000000001,13.0,4.344000000000023,3.6290000000000187,10.788888888888891,0.20555555555555394,2.0,10.0,1989-04-27T00:00:00,WE,CURD,Katy,1197024565271782,GBR,,CURD Katy,False,0,8,CURD K,7,48780000,GBR19890427,30,10006044292,,0,,8,29
7,13,2013,SALAZAR Mariana,10,42.59,24.721,70.465,108.78299999999999,156.541,181.493,9,18,Finished,10007687838,5.0,60.0,9.0,24.95,24.796,69.34899999999999,105.95100000000001,152.711,178.09599999999998,5.0,12.0,Finished,65.0,-3.396999999999992,6.0,1.731999999999999,0.8290000000000006,11.0,8.017000000000003,8.017000000000003,45.744,14.0,7.188000000000002,7.188000000000002,12.0,11.369000000000002,11.369000000000002,38.318000000000005,12.0,3.616999999999997,3.3519999999999968,10.0,13.528999999999995,12.742999999999995,47.758,11.0,3.8040000000000016,1.3739999999999952,10.0,14.153999999999995,12.348999999999991,24.952,3.0,0.625,-0.3940000000000055,7.0,1.9489999999999978,1.323999999999998,11.0,9.125000000000009,9.125000000000009,44.553,13.0,7.801000000000008,7.801000000000008,10.0,13.698999999999998,13.698999999999998,36.60199999999999,10.0,4.573999999999991,4.573999999999991,9.0,17.35900000000001,17.35900000000001,46.76000000000002,8.0,3.78900000000003,3.6600000000000112,9.0,17.39000000000002,17.39000000000002,25.38499999999999,5.0,0.59699999999998,0.03100000000000591,6.9305555555555545,2.2611111111111133,14.0,4.0,1994-05-06T00:00:00,WE,SALAZAR,Mariana,1196904306182336,ESA,,SALAZAR Mariana,False,0,13,SALAZAR M,9,48840000,ESA19940506,26,10007687838,DOR,1867,DORVAL AM,13,24,10,2010,SALAZAR Mariana,10,48.9,69.585,227.09099999999998,258.031,301.685,333.64300000000003,10,14,Finished,5.0,60.0,9.0,31.95,69.152,221.653,253.74099999999999,296.97700000000003,328.30699999999996,8.0,9.0,Finished,65.0,-5.335999999999956,8.0,4.853999999999999,3.800999999999988,10.0,19.611999999999995,11.539000000000017,157.50600000000003,11.0,14.75800000000001,7.738000000000057,9.0,21.412000000000006,13.069999999999993,30.94,11.0,1.8359999999999843,1.5309999999999775,10.0,24.041,14.757999999999981,43.654,12.0,3.5319999999999823,1.6879999999999882,10.0,25.817999999999987,16.734999999999953,31.957999999999966,11.0,2.0360000000000014,1.9769999999999757,7.0,4.338000000000008,4.338000000000008,8.0,10.314999999999998,10.314999999999998,152.50099999999995,7.0,5.9769999999999746,5.9769999999999746,9.0,13.607000000000026,13.607000000000026,32.08800000000002,13.0,3.29200000000003,3.29200000000003,9.0,15.68599999999998,15.68599999999998,43.23599999999996,13.0,2.112999999999971,2.078999999999951,9.0,17.347000000000037,17.347000000000037,31.330000000000037,13.0,1.6610000000000582,1.6610000000000582,8.875,4.141666666666668,5.0,10.0,1994-05-06T00:00:00,WE,SALAZAR,Mariana,1196990205528247,ESA,,SALAZAR Mariana,False,0,10,SALAZAR M,10,48870000,ESA19940506,22,10007687838,DOR,1867,DORVAL AM,10,24,10,2010,SALAZAR Mariana,8,46.71,57.621,103.15,148.447,204.071,240.985,9,33,Finished,12.0,35.0,12.0,36.91,54.735,104.79700000000001,149.821,206.705,243.56,12.0,6.0,Finished,47.0,2.5749999999999886,6.0,5.164999999999999,-16.958999999999996,6.0,5.319000000000003,-13.791999999999987,45.528999999999996,9.0,3.1670000000000087,3.1670000000000087,8.0,8.721000000000004,-11.818999999999988,45.297,13.0,3.402000000000001,1.9729999999999992,10.0,12.329999999999984,-8.835000000000008,55.624,13.0,4.026999999999987,2.9839999999999804,8.0,13.757000000000005,-8.903999999999996,36.914000000000016,4.0,1.427000000000021,-0.0689999999999884,4.0,3.641999999999996,3.641999999999996,13.0,11.954999999999998,11.954999999999998,50.062,15.0,8.805,8.313000000000002,13.0,14.810000000000002,14.810000000000002,45.023999999999994,13.0,2.855000000000004,2.855000000000004,12.0,21.196000000000023,20.69300000000001,56.88400000000002,14.0,6.887000000000029,5.88300000000001,12.0,22.41900000000001,22.41900000000001,36.85499999999999,8.0,2.4410000000000025,1.725999999999999,10.252777777777775,0.7416666666666671,11.0,11.0,1994-05-06T00:00:00,WE,SALAZAR,Mariana,1197024565271784,ESA,,SALAZAR Mariana,False,0,10,SALAZAR M,9,48840000,ESA19940506,23,10007687838,DOR,1867,DORVAL AM,10,24
8,3,2003,HANNAH Tracey,2,42.26,24.107,64.23,99.43799999999999,143.724,168.829,3,24,Finished,10003732258,40.0,55.0,10.0,25.1,23.703000000000003,63.028999999999996,97.07700000000001,153.333,178.898,15.0,2.0,Finished,95.0,10.068999999999988,5.0,1.1179999999999986,0.21499999999999986,4.0,1.7820000000000036,1.7820000000000036,40.12300000000001,2.0,1.5670000000000073,1.5670000000000073,3.0,2.024000000000001,2.024000000000001,35.208,6.0,0.5069999999999979,0.2419999999999973,2.0,0.7119999999999891,-0.07400000000001228,44.28599999999999,2.0,0.33199999999999363,-2.098000000000013,2.0,1.4900000000000089,-0.3149999999999977,25.105000000000015,6.0,0.77800000000002,-0.24099999999998545,4.0,0.8559999999999981,0.2309999999999981,4.0,2.8050000000000064,2.8050000000000064,39.32600000000001,6.0,2.5740000000000123,2.5740000000000123,4.0,4.825000000000003,4.825000000000003,34.047999999999995,5.0,2.019999999999996,2.019999999999996,11.0,17.980999999999995,17.980999999999995,56.256,16.0,13.285000000000009,13.155999999999993,10.0,18.192000000000007,18.192000000000007,25.565,6.0,0.7769999999999868,0.21100000000001276,6.972222222222222,2.219444444444445,11.0,6.0,1988-06-13T00:00:00,WE,HANNAH,Tracey,1196904306182330,AUS,NCh,HANNAH Tracey,False,0,3,HANNAH T,3,48660000,AUS19880613,2,10003732258,URT,1608,POLYGON UR,3,30,7,2007,HANNAH Tracey,4,51.2,68.024,215.65900000000002,245.135,287.062,316.98400000000004,7,17,Finished,25.0,110.0,5.0,29.92,69.64,221.078,251.78400000000002,292.907,322.744,13.0,4.0,Finished,135.0,5.760000000000048,4.0,3.2930000000000064,2.2399999999999953,4.0,8.179999999999977,0.10699999999999933,147.635,3.0,4.886999999999971,-2.1329999999999814,4.0,8.515999999999991,0.17399999999997814,29.476,5.0,0.3719999999999857,0.06699999999997885,4.0,9.418000000000006,0.1349999999999909,41.92700000000002,3.0,1.8050000000000068,-0.03899999999998727,4.0,9.158999999999992,0.07599999999996497,29.921999999999965,1.0,0.0,-0.05900000000002593,8.0,4.826000000000008,4.826000000000008,6.0,9.740000000000009,9.740000000000009,151.438,4.0,4.913999999999987,4.913999999999987,6.0,11.650000000000004,11.650000000000004,30.70599999999999,7.0,1.9099999999999968,1.9099999999999968,5.0,11.615999999999984,11.615999999999984,41.12299999999999,1.0,0.0,-0.034000000000020236,5.0,11.784000000000047,11.784000000000047,29.837000000000053,2.0,0.1680000000000632,0.1680000000000632,8.311111111111114,4.705555555555557,15.0,2.0,1988-06-13T00:00:00,WE,HANNAH,Tracey,1196990205528244,AUS,NCh,HANNAH Tracey,False,0,7,HANNAH T,7,48780000,AUS19880613,3,10003732258,URT,1608,POLYGON UR,7,30,6,2006,HANNAH Tracey,2,50.98,55.43600000000001,99.536,143.504,195.101,230.608,5,37,Finished,40.0,140.0,3.0,35.5,52.512,94.542,137.55,190.704,225.118,16.0,2.0,Finished,180.0,-5.490000000000008,3.0,2.979999999999997,-19.144000000000002,2.0,1.7049999999999983,-17.40599999999999,44.1,5.0,1.7380000000000069,1.7380000000000069,2.0,3.777999999999992,-16.762,43.96799999999999,5.0,2.0729999999999933,0.6439999999999912,2.0,3.359999999999985,-17.805000000000007,51.59700000000001,1.0,0.0,-1.0430000000000064,2.0,3.3799999999999955,-19.281000000000006,35.50700000000001,2.0,0.020000000000010232,-1.475999999999999,3.0,1.4189999999999967,1.4189999999999967,3.0,1.7000000000000028,1.7000000000000028,42.03,3.0,0.7730000000000032,0.2810000000000059,3.0,2.539000000000016,2.539000000000016,43.00800000000001,4.0,0.8390000000000128,0.8390000000000128,3.0,5.195000000000022,4.692000000000006,53.154,6.0,3.1570000000000107,2.152999999999992,3.0,3.9770000000000043,3.9770000000000043,34.41399999999999,1.0,0.0,-0.7150000000000034,9.861111111111109,1.1333333333333329,13.0,1.0,1988-06-13T00:00:00,WE,HANNAH,Tracey,1197024565271780,AUS,NCh,HANNAH Tracey,False,0,6,HANNAH T,5,48720000,AUS19880613,3,10003732258,URT,1608,POLYGON UR,6,30
9,9,2009,MILLER Miranda,20,32.93,23.785999999999998,71.733,121.84700000000001,191.868,224.96400000000003,7,20,Finished,10005872726,,45.0,11.0,33.09,23.732,68.13600000000001,105.18700000000001,152.908,179.38400000000001,9.0,8.0,Finished,45.0,-45.58000000000001,3.0,0.7970000000000006,-0.1059999999999981,14.0,9.285000000000004,9.285000000000004,47.946999999999996,17.0,9.391000000000004,9.391000000000004,18.0,24.432999999999996,24.432999999999996,50.11399999999999,19.0,15.41299999999999,15.147999999999987,19.0,48.856,48.06999999999999,70.021,20.0,26.06700000000001,23.636999999999997,20.0,57.625,55.81999999999999,33.096000000000004,22.0,8.769000000000005,7.75,5.0,0.8849999999999979,0.259999999999998,9.0,7.911999999999999,7.911999999999999,44.404,12.0,7.652000000000001,7.652000000000001,9.0,12.935000000000002,12.935000000000002,37.051,12.0,5.023000000000003,5.023000000000003,10.0,17.555999999999983,17.555999999999983,47.72099999999999,9.0,4.75,4.620999999999982,11.0,18.678,18.678,26.476,13.0,1.6879999999999882,1.122000000000014,9.191666666666668,0.0,1.0,14.0,1990-03-02T00:00:00,WE,MILLER,Miranda,1196904306182334,CAN,WCh,MILLER Miranda,False,0,9,MILLER M,7,48780000,CAN19900302,9,10005872726,SGR,1667,SPECIALIZED GRAVITY,9,28,11,2011,MILLER Miranda,14,51.32,69.454,233.264,264.189,308.358,339.195,11,13,Finished,,15.0,14.0,30.83,70.044,233.287,265.325,308.498,338.76099999999997,2.0,15.0,Finished,15.0,-0.4339999999999691,7.0,4.722999999999999,3.669999999999988,15.0,25.785,17.712000000000018,163.81,16.0,21.061999999999983,14.042000000000028,14.0,27.570000000000018,19.228000000000012,30.925000000000008,10.0,1.820999999999998,1.5159999999999911,14.0,30.714000000000002,21.430999999999983,44.16899999999998,15.0,4.046999999999969,2.2029999999999745,14.0,31.370000000000005,22.286999999999978,30.83699999999999,5.0,0.9150000000000204,0.8559999999999945,11.0,5.230000000000004,5.230000000000004,14.0,21.94900000000001,21.94900000000001,163.243,14.0,16.718999999999994,16.718999999999994,14.0,25.191000000000006,25.191000000000006,32.03799999999998,12.0,3.2419999999999902,3.2419999999999902,14.0,27.206999999999994,27.206999999999994,43.173,12.0,2.050000000000012,2.015999999999991,14.0,27.801000000000048,27.801000000000048,30.263000000000034,8.0,0.5940000000000509,0.5940000000000509,8.563888888888886,4.452777777777778,11.0,1.0,1990-03-02T00:00:00,WE,MILLER,Miranda,1196990205528248,CAN,WCh,MILLER Miranda,False,0,11,MILLER M,11,48900000,CAN19900302,9,10005872726,SGR,1667,SPECIALIZED GRAVITY,11,28,13,2013,MILLER Miranda,19,,59.053000000000004,108.35600000000001,153.751,213.054,252.78799999999998,12,30,Finished,,,,,,,,,,,,,0.0,,12.0,6.596999999999994,-15.527,17.0,10.524999999999991,-8.585999999999999,49.303000000000004,23.0,6.9410000000000025,6.9410000000000025,15.0,14.025000000000004,-6.514999999999987,45.39500000000001,15.0,3.5000000000000138,2.0710000000000117,19.0,21.312999999999988,0.14799999999999613,59.303000000000004,27.0,7.705999999999988,6.662999999999983,19.0,25.56,2.8990000000000014,39.73400000000001,22.0,4.247000000000014,2.7510000000000048,,,,,,,,,,,,,,,,,,,,,,,,,,,,,,,,,,,,1990-03-02T00:00:00,WE,MILLER,Miranda,1197024565271787,CAN,WCh,MILLER Miranda,False,0,13,MILLER M,12,48930000,CAN19900302,9,10005872726,SGR,1667,SPECIALIZED GRAVITY,13,28
10,10,2010,CAPPELLARI Carina,11,41.75,25.451,70.73,108.755,157.709,183.305,8,19,Finished,10006911535,,35.0,12.0,25.59,25.451999999999998,69.571,106.06700000000001,154.042,179.959,10.0,7.0,Finished,35.0,-3.346000000000004,12.0,2.462,1.5590000000000008,13.0,8.282000000000004,8.282000000000004,45.278999999999996,12.0,6.723000000000006,6.723000000000006,11.0,11.340999999999996,11.340999999999996,38.02499999999999,11.0,3.323999999999991,3.0589999999999904,11.0,14.697000000000005,13.911,48.95400000000001,12.0,5.000000000000013,2.5700000000000074,11.0,15.966000000000006,14.161,25.596000000000004,12.0,1.2690000000000057,0.25,11.0,2.6050000000000004,1.9800000000000004,12.0,9.347,9.347,44.119,11.0,7.3670000000000035,7.3670000000000035,13.0,13.814999999999998,13.814999999999998,36.496,9.0,4.4679999999999955,4.4679999999999955,12.0,18.69,18.69,47.97500000000001,11.0,5.004000000000018,4.875,12.0,19.25300000000001,19.25300000000001,25.916999999999998,8.0,1.128999999999991,0.5630000000000166,7.1083333333333325,2.083333333333335,5.0,9.0,1991-11-06T00:00:00,WE,CAPPELLARI,Carina,1196904306182335,SUI,NCh,CAPPELLARI Carina,False,0,10,CAPPELLARI C,8,48810000,SUI19911106,11,10006911535,MNR,2039,HIAG DATA - NS-BIKES FACTORY RACING,10,26,12,2012,CAPPELLARI Carina,12,49.46,72.158,230.90200000000002,262.651,306.457,338.082,12,12,Finished,,45.0,11.0,31.62,70.622,228.955,260.684,304.07599999999996,333.917,4.0,13.0,Finished,45.0,-4.1650000000000205,17.0,7.4270000000000085,6.373999999999995,13.0,23.422999999999966,15.349999999999996,158.74399999999997,13.0,15.995999999999952,8.975999999999997,12.0,26.03200000000001,17.689999999999994,31.749000000000024,16.0,2.6450000000000102,2.3400000000000034,12.0,28.81299999999999,19.529999999999973,43.80599999999998,13.0,3.683999999999969,1.839999999999975,12.0,30.257000000000005,21.173999999999975,31.625,10.0,1.7030000000000314,1.6440000000000057,14.0,5.808000000000009,5.808000000000009,13.0,17.61700000000002,17.61700000000002,158.33300000000003,13.0,11.809000000000026,11.809000000000026,12.0,20.55000000000004,20.55000000000004,31.72900000000001,11.0,2.9330000000000216,2.9330000000000216,12.0,22.785000000000025,22.785000000000025,43.392,14.0,2.269000000000005,2.2349999999999848,11.0,22.956999999999994,22.956999999999994,29.840999999999948,3.0,0.17199999999996862,0.17199999999996862,8.783333333333333,4.233333333333333,6.0,7.0,1991-11-06T00:00:00,WE,CAPPELLARI,Carina,1196990205528249,SUI,NCh,CAPPELLARI Carina,False,0,12,CAPPELLARI C,12,48930000,SUI19911106,10,10006911535,MNR,2039,HIAG DATA - NS-BIKES FACTORY RACING,12,26,11,2011,CAPPELLARI Carina,12,47.49,60.615,105.902,150.903,205.28799999999998,243.06900000000002,10,32,Finished,,60.0,9.0,37.78,57.129,102.445,147.406,201.415,238.208,4.0,14.0,Finished,60.0,-4.860999999999991,17.0,8.158999999999999,-13.964999999999995,13.0,8.070999999999998,-11.039999999999992,45.287,8.0,2.9250000000000043,2.9250000000000043,13.0,11.176999999999992,-9.363,45.00099999999999,11.0,3.1059999999999945,1.6769999999999925,12.0,13.546999999999995,-7.617999999999995,54.38500000000002,8.0,2.788000000000011,1.7450000000000043,12.0,15.840999999999982,-6.8200000000000225,37.78099999999998,9.0,2.2939999999999827,0.7979999999999734,11.0,6.035999999999994,6.035999999999994,10.0,9.602999999999994,9.602999999999994,45.316,13.0,4.0589999999999975,3.5669999999999997,12.0,12.39500000000001,12.39500000000001,44.96100000000001,12.0,2.7920000000000162,2.7920000000000162,10.0,15.906000000000004,15.402999999999993,54.00899999999999,8.0,4.0120000000000005,3.0079999999999814,9.0,17.067000000000007,17.067000000000007,36.793000000000006,7.0,2.379000000000019,1.6640000000000157,10.494444444444444,0.4999999999999982,6.0,8.0,1991-11-06T00:00:00,WE,CAPPELLARI,Carina,1197024565271785,SUI,NCh,CAPPELLARI Carina,False,0,11,CAPPELLARI C,10,48870000,SUI19911106,10,10006911535,MNR,2039,HIAG DATA - NS-BIKES FACTORY RACING,11,26
11,18,2018,RUBESAM Sandra,12,42.01,26.142,70.093,107.85600000000001,158.81,184.03099999999998,13,14,Finished,10052523258,,25.0,13.0,25.22,25.825,68.839,106.023,156.572,182.582,4.0,13.0,Finished,25.0,-1.4490000000000125,14.0,3.1529999999999987,2.25,10.0,7.645000000000002,7.645000000000002,43.95100000000001,11.0,5.395000000000009,5.395000000000009,10.0,10.441999999999991,10.441999999999991,37.76299999999999,10.0,3.0619999999999905,2.7969999999999904,12.0,15.798000000000002,15.012,50.95400000000001,15.0,7.000000000000013,4.5700000000000065,12.0,16.692000000000007,14.887,25.221000000000004,7.0,0.8940000000000055,-0.125,13.0,2.9779999999999984,2.352999999999998,10.0,8.615000000000002,8.615000000000002,43.014,9.0,6.2620000000000005,6.2620000000000005,12.0,13.770999999999999,13.770999999999999,37.184,14.0,5.155999999999999,5.155999999999999,13.0,21.22,21.22,50.54900000000001,13.0,7.578000000000018,7.448999999999997,13.0,21.876000000000005,21.876000000000005,26.00999999999999,10.0,1.22199999999998,0.6560000000000059,7.005555555555556,2.1861111111111127,10.0,8.0,1988-02-10T00:00:00,WE,RUBESAM,Sandra,1196904306182340,GER,,RUBESAM Sandra,False,0,18,RUBESAM S,13,48960000,GER19880210,18,10052523258,,0,,0,30,13,2013,RUBESAM Sandra,16,,70.914,235.06,268.47700000000003,313.138,348.04900000000004,13,11,Finished,,,,,,,,,,,,,0.0,,12.0,6.183000000000009,5.129999999999996,17.0,27.58099999999999,19.508000000000013,164.14600000000004,17.0,21.398,14.378000000000045,16.0,31.857999999999976,23.515999999999966,33.416999999999966,17.0,4.31299999999996,4.007999999999953,16.0,35.493999999999964,26.210999999999963,44.661,17.0,4.538999999999987,2.6949999999999936,16.0,40.22399999999999,31.140999999999966,34.911,17.0,4.989000000000034,4.930000000000007,,,,,,,,,,,,,,,,,,,,,,,,,,,,,,,,,,,,1988-02-10T00:00:00,WE,RUBESAM,Sandra,1196990205528250,GER,,RUBESAM Sandra,False,0,13,RUBESAM S,13,48960000,GER19880210,17,10052523258,,0,,13,30,15,2015,RUBESAM Sandra,14,44.45,58.903,105.09700000000001,152.644,208.205,247.794,14,28,Finished,,15.0,14.0,39.58,75.19800000000001,119.256,165.139,219.952,258.827,2.0,16.0,Finished,15.0,11.032999999999989,11.0,6.4469999999999965,-15.677,12.0,7.265999999999992,-11.845,46.194,14.0,3.8320000000000007,3.8320000000000007,14.0,12.918000000000005,-7.621999999999987,47.54700000000001,29.0,5.652000000000014,4.223000000000013,14.0,16.464000000000002,-4.700999999999993,55.56100000000001,12.0,3.963999999999999,2.9209999999999923,14.0,20.566000000000006,-2.0949999999999993,39.589,20.0,4.102000000000004,2.6059999999999945,14.0,24.10499999999999,24.10499999999999,14.0,26.414,26.414,44.05800000000001,6.0,2.8010000000000095,2.309000000000012,14.0,30.12800000000001,30.12800000000001,45.88300000000001,15.0,3.7140000000000133,3.7140000000000133,14.0,34.44300000000001,33.94,54.81299999999999,11.0,4.8160000000000025,3.811999999999984,14.0,37.68600000000001,37.68600000000001,38.875,14.0,4.461000000000013,3.746000000000009,10.994444444444444,0.0,1.0,12.0,1988-02-10T00:00:00,WE,RUBESAM,Sandra,1197024565271789,GER,,RUBESAM Sandra,False,0,15,RUBESAM S,14,48990000,GER19880210,21,10052523258,,0,,15,30
12,17,2017,WIDMANN Veronika,13,41.17,27.265,70.669,109.436,159.132,185.27200000000002,12,15,Finished,10007423312,,15.0,14.0,26.14,27.570999999999998,71.3,108.366,158.06,185.11700000000002,3.0,14.0,Finished,15.0,-0.15500000000000114,16.0,4.276,3.373000000000001,12.0,8.220999999999998,8.220999999999998,43.404,9.0,4.847999999999999,4.847999999999999,13.0,12.022000000000006,12.022000000000006,38.76700000000001,13.0,4.06600000000001,3.801000000000009,13.0,16.120000000000005,15.334000000000005,49.696000000000005,13.0,5.7420000000000035,3.3119999999999976,13.0,17.932999999999993,16.127999999999982,26.139999999999986,13.0,1.812999999999988,0.7939999999999827,16.0,4.724,4.099,14.0,11.075999999999999,11.075999999999999,43.729,10.0,6.977000000000004,6.977000000000004,14.0,16.114000000000004,16.114000000000004,37.066,13.0,5.038000000000004,5.038000000000004,14.0,22.708000000000002,22.708000000000002,49.693999999999996,12.0,6.723000000000013,6.593999999999994,14.0,24.410999999999998,24.410999999999998,27.05699999999999,15.0,2.268999999999977,1.7030000000000032,7.261111111111113,1.930555555555556,4.0,11.0,1993-03-08T00:00:00,WE,WIDMANN,Veronika,1196904306182339,ITA,,WIDMANN Veronika,False,0,17,WIDMANN V,12,48930000,ITA19930308,17,10007423312,FSF,2238,FS FUNN,0,25,14,2014,WIDMANN Veronika,11,47.12,71.229,229.762,260.573,303.922,337.025,14,10,Finished,,55.0,10.0,33.1,70.07300000000001,224.835,255.885,299.41,331.65,5.0,12.0,Finished,55.0,-5.375,14.0,6.498000000000005,5.444999999999993,12.0,22.28299999999999,14.210000000000008,158.53300000000004,12.0,15.784999999999995,8.765000000000043,11.0,23.95399999999998,15.611999999999965,30.810999999999982,9.0,1.7069999999999652,1.4019999999999584,11.0,26.27800000000002,16.995000000000005,43.349000000000046,11.0,3.2270000000000323,1.3830000000000382,11.0,29.199999999999992,20.116999999999962,33.102999999999945,15.0,3.1809999999999827,3.1219999999999573,12.0,5.2589999999999995,5.2589999999999995,10.0,13.497000000000016,13.497000000000016,154.762,10.0,8.238,8.238,10.0,15.751000000000005,15.751000000000005,31.049999999999986,9.0,2.2539999999999907,2.2539999999999907,10.0,18.119000000000025,18.119000000000025,43.52500000000003,15.0,2.402000000000044,2.3680000000000234,10.0,20.69,20.69,32.239999999999945,15.0,2.570999999999969,2.570999999999969,9.194444444444443,3.8222222222222233,2.0,14.0,1993-03-08T00:00:00,WE,WIDMANN,Veronika,1196990205528251,ITA,,WIDMANN Veronika,False,0,14,WIDMANN V,14,48990000,ITA19930308,15,10007423312,FSF,2238,FS FUNN,14,25,12,2012,WIDMANN Veronika,7,48.0,58.201,102.54299999999999,148.101,203.28799999999998,240.68200000000002,11,31,Finished,14.0,70.0,8.0,37.39,56.446000000000005,100.35600000000001,145.657,200.892,237.63099999999997,7.0,11.0,Finished,84.0,-3.050999999999988,8.0,5.744999999999997,-16.378999999999998,5.0,4.712000000000003,-14.398999999999988,44.34200000000001,6.0,1.980000000000011,1.980000000000011,7.0,8.375,-12.164999999999992,45.55799999999999,17.0,3.6629999999999967,2.2339999999999947,8.0,11.546999999999995,-9.617999999999997,55.18700000000001,11.0,3.5900000000000034,2.546999999999997,7.0,13.453999999999981,-9.207000000000024,37.39399999999998,7.0,1.9069999999999825,0.41099999999997294,8.0,5.352999999999994,5.352999999999994,7.0,7.513999999999997,7.513999999999997,43.91,5.0,2.6529999999999987,2.1610000000000014,9.0,10.646000000000015,10.646000000000015,45.301000000000016,14.0,3.1320000000000183,3.1320000000000183,8.0,15.38300000000001,14.879999999999995,55.23499999999999,12.0,5.238,4.2339999999999804,8.0,16.49000000000001,16.49000000000001,36.739,6.0,2.325000000000017,1.6100000000000136,10.386111111111113,0.6083333333333325,8.0,7.0,1993-03-08T00:00:00,WE,WIDMANN,Veronika,1197024565271786,ITA,,WIDMANN Veronika,False,0,12,WIDMANN V,11,48900000,ITA19930308,15,10007423312,FSF,2238,FS FUNN,12,25
13,23,2023,WOHLGENSINGER Alexandra,17,,35.281,80.634,119.944,172.804,203.365,18,9,Finished,10010735153,,,,,,,,,,,,,0.0,,22.0,12.291999999999998,11.389000000000001,19.0,18.186,18.186,45.353,13.0,6.797000000000003,6.797000000000003,17.0,22.53,22.53,39.31,14.0,4.609000000000002,4.344000000000001,17.0,29.791999999999998,29.006,52.86,17.0,8.906000000000006,6.475999999999999,17.0,36.02600000000001,34.221000000000004,30.56100000000001,21.0,6.234000000000008,5.215000000000003,,,,,,,,,,,,,,,,,,,,,,,,,,,,,,,,,,,,1984-04-10T00:00:00,WE,WOHLGENSINGER,Alexandra,1196904306182345,SUI,,WOHLGENSINGER Alexandra,False,0,23,WOHLGENSINGE,18,49110000,SUI19840410,41,10010735153,,0,,0,34,20,2020,WOHLGENSINGER Alexandra,18,,72.711,234.80700000000002,279.658,323.959,356.41,18,6,Finished,,,,,,,,,,,,,0.0,,18.0,7.980000000000004,6.9269999999999925,16.0,27.327999999999967,19.254999999999995,162.096,14.0,19.347999999999985,12.328000000000033,19.0,43.039000000000016,34.696999999999996,44.85100000000003,22.0,15.747000000000016,15.442000000000007,18.0,46.315,37.031999999999975,44.30099999999999,16.0,4.178999999999974,2.3349999999999795,18.0,48.585000000000036,39.50200000000001,32.45100000000002,14.0,2.529000000000053,2.4700000000000277,,,,,,,,,,,,,,,,,,,,,,,,,,,,,,,,,,,,1984-04-10T00:00:00,WE,WOHLGENSINGER,Alexandra,1196990205528255,SUI,,WOHLGENSINGER Alexandra,False,0,20,WOHLGENSINGE,18,49110000,SUI19840410,37,10010735153,,0,,0,34,23,2023,WOHLGENSINGER Alexandra,31,,64.878,115.044,160.786,229.21099999999998,269.808,21,21,Finished,,,,,,,,,,,,,0.0,,31.0,12.421999999999995,-9.701999999999998,30.0,17.212999999999994,-1.897999999999996,50.166000000000004,28.0,7.804000000000002,7.804000000000002,31.0,21.06,0.5200000000000102,45.742,19.0,3.847000000000008,2.4180000000000064,32.0,37.47,16.305000000000007,68.42500000000001,35.0,16.828000000000007,15.784999999999995,31.0,42.579999999999984,19.918999999999983,40.59699999999997,28.0,5.109999999999985,3.6139999999999763,,,,,,,,,,,,,,,,,,,,,,,,,,,,,,,,,,,,1984-04-10T00:00:00,WE,WOHLGENSINGER,Alexandra,1197024565271796,SUI,,WOHLGENSINGER Alexandra,False,0,23,WOHLGENSINGE,21,49200000,SUI19840410,40,10010735153,,0,,0,34
14,16,2016,CHAPPAZ Melanie,18,,27.308000000000003,74.063,114.615,177.16299999999998,205.705,11,16,Finished,10011008066,,,,,,,,,,,,,0.0,,17.0,4.318999999999999,3.4160000000000004,15.0,11.615000000000002,11.615000000000002,46.755,16.0,8.199000000000005,8.199000000000005,15.0,17.200999999999993,17.200999999999993,40.55199999999999,16.0,5.850999999999992,5.585999999999991,18.0,34.15100000000001,33.36500000000001,62.548000000000016,18.0,18.594000000000023,16.164000000000016,18.0,38.366000000000014,36.56100000000001,28.541999999999998,17.0,4.215000000000003,3.1959999999999984,,,,,,,,,,,,,,,,,,,,,,,,,,,,,,,,,,,,1999-03-12T00:00:00,WE,CHAPPAZ,Melanie,1196904306182338,FRA,,CHAPPAZ Melanie,False,0,16,CHAPPAZ M,11,48900000,FRA19990312,12,10011008066,HTH,3167,HOPE TECHNOLOGY,0,19,17,2017,CHAPPAZ Melanie,17,,73.958,241.56900000000002,272.814,319.069,353.74199999999996,15,9,Finished,,,,,,,,,,,,,0.0,,19.0,9.227000000000004,8.173999999999992,19.0,34.08999999999997,26.017,167.611,19.0,24.862999999999968,17.843000000000018,18.0,36.19500000000002,27.85300000000001,31.245000000000033,15.0,2.14100000000002,1.8360000000000127,17.0,41.42500000000001,32.142,46.255,18.0,6.132999999999981,4.288999999999987,17.0,45.91700000000003,36.834,34.673,16.0,4.751000000000033,4.692000000000006,,,,,,,,,,,,,,,,,,,,,,,,,,,,,,,,,,,,1999-03-12T00:00:00,WE,CHAPPAZ,Melanie,1196990205528252,FRA,,CHAPPAZ Melanie,False,0,17,CHAPPAZ M,15,49020000,FRA19990312,12,10011008066,HTH,3167,HOPE TECHNOLOGY,0,19,17,2017,CHAPPAZ Melanie,27,,60.395,108.77600000000001,156.21,218.81,258.598,15,27,Finished,,,,,,,,,,,,,0.0,,16.0,7.939,-14.184999999999995,19.0,10.944999999999993,-8.165999999999997,48.38099999999999,20.0,6.0189999999999975,6.0189999999999975,20.0,16.48400000000001,-4.055999999999982,47.43400000000001,27.0,5.539000000000017,4.110000000000014,29.0,27.068999999999992,5.903999999999996,62.6,32.0,11.002999999999986,9.959999999999981,27.0,31.370000000000005,8.709000000000003,39.78800000000001,23.0,4.301000000000016,2.8050000000000064,,,,,,,,,,,,,,,,,,,,,,,,,,,,,,,,,,,,1999-03-12T00:00:00,WE,CHAPPAZ,Melanie,1197024565271790,FRA,,CHAPPAZ Melanie,False,0,17,CHAPPAZ M,15,49020000,FRA19990312,11,10011008066,HTH,3167,HOPE TECHNOLOGY,0,19
15,29,2029,TUTT Aston,19,,29.487,78.226,130.599,195.889,224.45,24,3,Finished,10010911975,,,,,,,,,,,,,0.0,,20.0,6.4979999999999976,5.594999999999999,18.0,15.778,15.778,48.739,18.0,10.183000000000009,10.183000000000009,21.0,33.18499999999999,33.18499999999999,52.37299999999999,20.0,17.671999999999986,17.40699999999999,20.0,52.87700000000001,52.09100000000001,65.29000000000002,19.0,21.336000000000027,18.90600000000002,19.0,57.11099999999999,55.30599999999998,28.560999999999982,18.0,4.2339999999999804,3.214999999999975,,,,,,,,,,,,,,,,,,,,,,,,,,,,,,,,,,,,1998-10-06T00:00:00,WE,TUTT,Aston,1196904306182351,GBR,,TUTT Aston,False,0,29,TUTT A,24,49290000,GBR19981006,200,10010911975,,0,,0,19,23,2023,TUTT Aston,23,,208.18,381.1,415.45099999999996,466.913,512.445,21,3,Finished,,,,,,,,,,,,,0.0,,23.0,143.44899999999998,142.39600000000004,23.0,173.62099999999998,165.54800000000003,172.92000000000004,20.0,30.172,23.152000000000047,23.0,178.83200000000005,170.49,34.351,18.0,5.246999999999987,4.941999999999979,23.0,189.269,179.986,51.46199999999999,21.0,11.339999999999973,9.495999999999981,23.0,204.6200000000001,195.53700000000003,45.53200000000004,20.0,15.610000000000069,15.551000000000045,,,,,,,,,,,,,,,,,,,,,,,,,,,,,,,,,,,,1998-10-06T00:00:00,WE,TUTT,Aston,1196990205528258,GBR,,TUTT Aston,False,0,23,TUTT A,21,49200000,GBR19981006,145,10010911975,,0,,0,19,38,2038,TUTT Aston,35,,73.547,123.455,172.01,234.72,275.164,36,6,Finished,,,,,,,,,,,,,0.0,,36.0,21.090999999999994,-1.0330000000000013,35.0,25.623999999999995,6.513000000000004,49.908,27.0,7.5460000000000065,7.5460000000000065,36.0,32.28399999999999,11.744000000000002,48.55499999999999,34.0,6.6599999999999975,5.2309999999999945,35.0,42.97899999999999,21.813999999999997,62.71000000000001,33.0,11.113,10.069999999999991,35.0,47.93599999999998,25.274999999999977,40.44399999999999,27.0,4.956999999999994,3.4609999999999843,,,,,,,,,,,,,,,,,,,,,,,,,,,,,,,,,,,,1998-10-06T00:00:00,WE,TUTT,Aston,1197024565271811,GBR,,TUTT Aston,False,0,38,TUTT A,36,49650000,GBR19981006,144,10010911975,,0,,0,19
16,21,2021,LESOIN Flora,23,,,,,,,16,11,DNF,10009734134,,,,,,,,,,,,,0.0,,,,,,,,,,,,,,,,,,,,,,,,,,,,,,,,,,,,,,,,,,,,,,,,,,,,,,,,,,,,,,,,,,,,1999-11-17T00:00:00,WE,LESOIN,Flora,1196904306182343,FRA,,LESOIN Flora,False,0,21,LESOIN F,16,49050000,FRA19991117,27,10009734134,,0,,0,18,22,2022,LESOIN Flora,21,,76.505,259.52299999999997,298.416,346.652,386.246,20,4,Finished,,,,,,,,,,,,,0.0,,21.0,11.774,10.720999999999991,21.0,52.04400000000001,43.97100000000003,183.01800000000003,22.0,40.27000000000001,33.25000000000006,21.0,61.797,53.454999999999984,38.892999999999965,19.0,9.78899999999996,9.483999999999954,21.0,69.00799999999998,59.72499999999997,48.23599999999999,20.0,8.113999999999976,6.269999999999982,21.0,78.42099999999998,69.33799999999997,39.594,18.0,9.672000000000024,9.613,,,,,,,,,,,,,,,,,,,,,,,,,,,,,,,,,,,,1999-11-17T00:00:00,WE,LESOIN,Flora,1196990205528257,FRA,,LESOIN Flora,False,0,22,LESOIN F,20,49170000,FRA19991117,44,10009734134,,0,,0,18,28,2028,LESOIN Flora,34,,67.453,119.869,171.076,232.204,274.637,26,16,Finished,,,,,,,,,,,,,0.0,,33.0,14.997,-7.126999999999995,33.0,22.038,2.9270000000000067,52.416000000000004,35.0,10.054000000000002,10.054000000000002,35.0,31.349999999999994,10.810000000000002,51.207,36.0,9.311999999999998,7.8829999999999965,34.0,40.463,19.298,61.12800000000002,31.0,9.531000000000006,8.488,34.0,47.40899999999999,24.74799999999999,42.43299999999999,32.0,6.945999999999998,5.449999999999988,,,,,,,,,,,,,,,,,,,,,,,,,,,,,,,,,,,,1999-11-17T00:00:00,WE,LESOIN,Flora,1197024565271801,FRA,,LESOIN Flora,False,0,28,LESOIN F,26,49350000,FRA19991117,51,10009734134,,0,,0,18
