,bib,id,name,q_rank,q_split1,q_split2,q_split3,q_split4,q_split5,q_start,q_start_rev,q_status,uci,q_points,r_points,rank,split1,split2,split3,split4,split5,start,start_rev,status,points,qr_diff,q_split1_rank,q_split1_vs_best,q_split1_vs_winner,q_split2_rank,q_split2_vs_best,q_split2_vs_winner,q_split2_sector,q_split2_sector_rank,q_split2_sector_vs_best,q_split2_sector_vs_winner,q_split3_rank,q_split3_vs_best,q_split3_vs_winner,q_split3_sector,q_split3_sector_rank,q_split3_sector_vs_best,q_split3_sector_vs_winner,q_split4_rank,q_split4_vs_best,q_split4_vs_winner,q_split4_sector,q_split4_sector_rank,q_split4_sector_vs_best,q_split4_sector_vs_winner,q_split5_rank,q_split5_vs_best,q_split5_vs_winner,q_split5_sector,q_split5_sector_rank,q_split5_sector_vs_best,q_split5_sector_vs_winner,split1_rank,split1_vs_best,split1_vs_winner,split2_rank,split2_vs_best,split2_vs_winner,split2_sector,split2_sector_rank,split2_sector_vs_best,split2_sector_vs_winner,split3_rank,split3_vs_best,split3_vs_winner,split3_sector,split3_sector_rank,split3_sector_vs_best,split3_sector_vs_winner,split4_rank,split4_vs_best,split4_vs_winner,split4_sector,split4_sector_rank,split4_sector_vs_best,split4_sector_vs_winner,split5_rank,split5_vs_best,split5_vs_winner,split5_sector,split5_sector_rank,split5_sector_vs_best,split5_sector_vs_winner,speed_x,speed_y,speed,q_speed,speed_ms,speed_ms_vs_best,speed_rank,q_speed_rank,BirthDate,CategoryCode,FamilyName,GivenName,Id,Nation,Outfit,PrintName,Protected,RaceId,RaceNr,ScoreboardName,StartOrder,StartTime,UciCode,UciRank,UciRiderId,UciTeamCode,UciTeamId,UciTeamName,WorldCupRank,Age
0,3,2003,SEAGRAVE Tahnee,2,71.443,160.969,221.185,278.939,317.281,3,33,Finished,10007414016,40.0,200.0,1.0,63.486,140.565,182.349,231.242,266.424,14.0,2.0,Finished,240.0,-50.85700000000003,2.0,0.8149999999999977,0.0,1.0,0.0,0.0,89.526,1.0,0.0,0.0,5.0,9.775000000000006,0.0,60.21600000000001,15.0,12.231000000000023,0.0,5.0,10.716000000000008,0.0,57.75400000000002,2.0,0.9410000000000025,0.0,2.0,9.759000000000015,0.0,38.341999999999985,1.0,0.0,0.0,2.0,1.0289999999999964,0.0,2.0,1.1810000000000116,0.0,77.07900000000001,3.0,0.23100000000000875,0.0,2.0,2.0989999999999895,0.0,41.78399999999999,9.0,2.3089999999999975,0.0,2.0,1.5679999999999836,0.0,48.893,2.0,0.3509999999999991,0.0,1.0,0.0,0.0,35.18199999999999,2.0,0.35199999999997544,0.0,61.443000000000005,57.184,61.443000000000005,57.184,17.067500000000003,0.7319444444444443,4.0,4.0,1995-06-15T00:00:00,WE,SEAGRAVE,Tahnee,1197084694808795,GBR,,SEAGRAVE Tahnee,False,0,3,SEAGRAVE T,3,48660000,GBR19950615,2,10007414016,FMD,1863,TRANSITION BIKES / MUC-OFF FACTORY RACING,3,23
1,2,2002,ATHERTON Rachel,6,70.628,161.877,233.374,292.343,332.22,2,34,Finished,10003434487,16.0,160.0,2.0,62.457,139.384,180.25,229.674,266.547,10.0,6.0,Finished,176.0,-65.673,1.0,0.0,-0.8149999999999977,2.0,0.9080000000000155,0.9080000000000155,91.24900000000001,3.0,1.7230000000000132,1.7230000000000132,7.0,21.964,12.188999999999993,71.49699999999999,20.0,23.512,11.280999999999977,6.0,24.120000000000005,13.403999999999996,58.96900000000002,5.0,2.156000000000006,1.2150000000000034,6.0,24.698000000000036,14.939000000000021,39.87700000000001,4.0,1.535000000000025,1.535000000000025,1.0,0.0,-1.0289999999999964,1.0,0.0,-1.1810000000000116,76.92699999999999,2.0,0.07899999999999352,-0.15200000000001523,1.0,0.0,-2.0989999999999895,40.866000000000014,5.0,1.3910000000000196,-0.917999999999978,1.0,0.0,-1.5679999999999836,49.42400000000001,3.0,0.882000000000005,0.5310000000000059,2.0,0.1230000000000473,0.1230000000000473,36.87300000000002,5.0,2.0430000000000064,1.691000000000031,59.638999999999996,53.137,59.638999999999996,53.137,16.566388888888888,1.2330555555555591,6.0,10.0,1987-12-06T00:00:00,WE,ATHERTON,Rachel,1197084694808794,GBR,NCh,ATHERTON Rachel,False,0,2,ATHERTON R,2,48630000,GBR19871206,3,10003434487,TDH,1598,TREK FACTORY RACING DH,2,30
2,7,2007,HRASTNIK Monika,1,73.227,163.425,211.41,268.223,307.522,7,29,Finished,10017602955,50.0,140.0,3.0,67.478,144.326,183.801,232.343,268.029,15.0,1.0,Finished,190.0,-39.492999999999995,4.0,2.5990000000000038,1.784000000000006,3.0,2.4560000000000173,2.4560000000000173,90.19800000000001,2.0,0.6720000000000113,0.6720000000000113,1.0,0.0,-9.775000000000006,47.984999999999985,1.0,0.0,-12.231000000000023,1.0,0.0,-10.716000000000008,56.81300000000002,1.0,0.0,-0.9410000000000025,1.0,0.0,-9.759000000000015,39.29899999999998,2.0,0.9569999999999936,0.9569999999999936,6.0,5.020999999999994,3.9919999999999973,3.0,4.942000000000007,3.7609999999999957,76.848,1.0,0.0,-0.23100000000000875,3.0,3.5509999999999877,1.4519999999999982,39.474999999999994,1.0,0.0,-2.3089999999999975,3.0,2.6689999999999827,1.100999999999999,48.542,1.0,0.0,-0.3509999999999991,3.0,1.6050000000000182,1.6050000000000182,35.68600000000001,3.0,0.8559999999999945,0.5040000000000191,61.898999999999994,58.001000000000005,61.898999999999994,58.001000000000005,17.194166666666664,0.6052777777777827,3.0,1.0,1994-06-07T00:00:00,WE,HRASTNIK,Monika,1197084694808799,SLO,CCh,HRASTNIK Monika,False,0,7,HRASTNIK M,7,48780000,SLO19940607,5,10017602955,,0,,7,24
3,4,2004,HANNAH Tracey,4,75.624,171.334,220.538,278.554,318.365,4,32,Finished,10003732258,25.0,125.0,4.0,65.874,144.738,185.3,234.888,269.718,12.0,4.0,Finished,150.0,-48.64699999999999,8.0,4.995999999999995,4.180999999999997,6.0,10.365000000000009,10.365000000000009,95.71000000000001,6.0,6.184000000000012,6.184000000000012,4.0,9.128000000000014,-0.6469999999999914,49.20400000000001,2.0,1.2190000000000225,-11.012,3.0,10.33099999999996,-0.38500000000004775,58.01599999999996,3.0,1.2029999999999461,0.2619999999999436,4.0,10.843000000000018,1.0840000000000032,39.811000000000035,3.0,1.469000000000051,1.469000000000051,3.0,3.4169999999999945,2.387999999999998,4.0,5.354000000000013,4.173000000000002,78.864,5.0,2.0160000000000053,1.7849999999999966,4.0,5.050000000000011,2.951000000000022,40.56200000000001,4.0,1.0870000000000175,-1.22199999999998,4.0,5.213999999999999,3.646000000000015,49.587999999999994,4.0,1.0459999999999923,0.6949999999999932,4.0,3.2940000000000396,3.2940000000000396,34.83000000000001,1.0,0.0,-0.35199999999997544,64.078,53.495,64.078,53.495,17.799444444444447,0.0,1.0,8.0,1988-06-13T00:00:00,WE,HANNAH,Tracey,1197084694808796,AUS,NCh,HANNAH Tracey,False,0,4,HANNAH T,4,48690000,AUS19880613,4,10003732258,URT,1608,POLYGON UR,4,30
4,11,2011,WIDMANN Veronika,9,78.411,188.636,246.418,310.525,351.39,10,26,Finished,10007423312,10.0,110.0,5.0,67.812,148.903,188.929,239.881,275.824,6.0,10.0,Finished,120.0,-75.56599999999997,11.0,7.783000000000001,6.9680000000000035,12.0,27.667,27.667,110.225,12.0,20.698999999999998,20.698999999999998,10.0,35.00800000000001,25.233000000000004,57.78200000000001,11.0,9.797000000000025,-2.4339999999999975,9.0,42.301999999999964,31.585999999999956,64.10699999999997,10.0,7.293999999999954,6.352999999999952,9.0,43.867999999999995,34.10899999999998,40.86500000000001,7.0,2.5230000000000246,2.5230000000000246,8.0,5.354999999999997,4.3260000000000005,9.0,9.519000000000005,8.337999999999994,81.091,9.0,4.242999999999995,4.011999999999986,7.0,8.679000000000002,6.5800000000000125,40.02600000000001,2.0,0.5510000000000161,-1.7579999999999814,8.0,10.206999999999994,8.63900000000001,50.952,6.0,2.4099999999999966,2.0589999999999975,5.0,9.400000000000034,9.400000000000034,35.94300000000001,4.0,1.1129999999999995,0.7610000000000241,63.082,53.713,63.082,53.713,17.52277777777778,0.2766666666666673,2.0,7.0,1993-03-08T00:00:00,WE,WIDMANN,Veronika,1197084694808802,ITA,,WIDMANN Veronika,False,0,11,WIDMANN V,10,48870000,ITA19930308,13,10007423312,FSF,2238,FS FUNN,11,25
5,18,2018,HOFFMANN Nina Charlott,13,74.881,185.121,253.177,326.311,366.332,16,20,Finished,10015887065,,95.0,6.0,66.804,146.289,186.671,238.588,276.262,3.0,13.0,Finished,95.0,-90.07,6.0,4.253,3.4380000000000024,10.0,24.152000000000015,24.152000000000015,110.24000000000001,13.0,20.714000000000013,20.714000000000013,11.0,41.766999999999996,31.99199999999999,68.05599999999998,17.0,20.070999999999998,7.839999999999975,14.0,58.087999999999965,47.37199999999996,73.13399999999999,23.0,16.32099999999997,15.379999999999967,13.0,58.81,49.05099999999999,40.021000000000015,5.0,1.6790000000000305,1.6790000000000305,5.0,4.347000000000001,3.318000000000005,7.0,6.905000000000001,5.7239999999999895,79.48499999999999,7.0,2.6369999999999862,2.4059999999999775,5.0,6.420999999999992,4.322000000000003,40.382000000000005,3.0,0.9070000000000107,-1.4019999999999868,5.0,8.913999999999987,7.346000000000004,51.917,8.0,3.375,3.024000000000001,6.0,9.838000000000022,9.838000000000022,37.67400000000001,9.0,2.843999999999994,2.4920000000000186,58.951,55.853,58.951,55.853,16.37527777777778,1.4241666666666681,8.0,6.0,1996-08-02T00:00:00,WE,HOFFMANN,Nina Charlott,1197084694808808,GER,,HOFFMANN Nina Charlott,False,0,18,HOFFMANN N,16,49050000,GER19960802,17,10015887065,,0,,18,21
6,6,2006,SIEGENTHALER Emilie,3,72.738,166.147,215.734,274.703,317.619,6,30,Finished,10004167243,30.0,80.0,7.0,68.201,147.534,188.947,239.247,276.698,13.0,3.0,Finished,110.0,-40.92100000000005,3.0,2.1099999999999994,1.2950000000000017,4.0,5.177999999999997,5.177999999999997,93.40899999999999,5.0,3.8829999999999956,3.8829999999999956,2.0,4.324000000000012,-5.450999999999993,49.58700000000002,3.0,1.6020000000000323,-10.62899999999999,2.0,6.479999999999961,-4.236000000000047,58.968999999999966,4.0,2.155999999999949,1.2149999999999466,3.0,10.097000000000037,0.3380000000000223,42.916000000000054,10.0,4.574000000000069,4.574000000000069,9.0,5.743999999999993,4.714999999999996,8.0,8.150000000000006,6.968999999999994,79.333,6.0,2.4849999999999994,2.2539999999999907,8.0,8.697000000000003,6.598000000000013,41.41300000000001,7.0,1.9380000000000166,-0.3709999999999809,6.0,9.573000000000008,8.005000000000024,50.30000000000001,5.0,1.7580000000000098,1.4070000000000107,7.0,10.274000000000001,10.274000000000001,37.450999999999965,6.0,2.6209999999999525,2.268999999999977,58.278,48.278,58.278,48.278,16.188333333333333,1.6111111111111143,9.0,21.0,1986-09-19T00:00:00,WE,SIEGENTHALER,Emilie,1197084694808798,SUI,,SIEGENTHALER Emilie,False,0,6,SIEGENTHALER,6,48750000,SUI19860919,7,10004167243,PFR,1864,PIVOT FACTORY RACING,6,31
7,16,2016,FARINA Eleonora,8,73.932,188.392,241.537,304.437,347.681,14,22,Finished,10010007855,12.0,70.0,8.0,65.952,145.598,186.686,239.498,277.047,7.0,9.0,Finished,82.0,-70.63399999999996,5.0,3.304000000000002,2.4890000000000043,11.0,27.423000000000002,27.423000000000002,114.46,17.0,24.933999999999997,24.933999999999997,8.0,30.12700000000001,20.352000000000004,53.14500000000001,6.0,5.160000000000025,-7.070999999999998,8.0,36.214,25.49799999999999,62.900000000000006,8.0,6.086999999999989,5.145999999999987,8.0,40.15899999999999,30.399999999999977,43.24399999999997,13.0,4.901999999999987,4.901999999999987,4.0,3.4949999999999974,2.466000000000001,6.0,6.214000000000027,5.0330000000000155,79.64600000000002,8.0,2.798000000000016,2.5670000000000073,6.0,6.436000000000007,4.3370000000000175,41.087999999999994,6.0,1.6129999999999995,-0.695999999999998,7.0,9.823999999999984,8.256,52.81199999999998,9.0,4.269999999999982,3.9189999999999827,8.0,10.623000000000047,10.623000000000047,37.549000000000035,8.0,2.7190000000000225,2.367000000000047,60.435,57.663000000000004,60.435,57.663000000000004,16.7875,1.0119444444444454,5.0,2.0,1990-11-27T00:00:00,WE,FARINA,Eleonora,1197084694808806,ITA,NCh,FARINA Eleonora,False,0,16,FARINA E,14,48990000,ITA19901127,9,10010007855,,0,,0,27
8,5,2005,CABIROU Marine,10,76.182,201.736,257.889,318.921,360.442,5,31,Finished,10009563069,5.0,60.0,9.0,67.545,145.561,192.22,243.324,280.823,8.0,8.0,Finished,65.0,-79.61900000000003,9.0,5.554000000000002,4.739000000000004,19.0,40.766999999999996,40.766999999999996,125.55399999999999,19.0,36.02799999999999,36.02799999999999,14.0,46.47900000000001,36.70400000000001,56.15300000000002,9.0,8.168000000000035,-4.062999999999988,10.0,50.69799999999998,39.98199999999997,61.03199999999998,7.0,4.218999999999966,3.277999999999963,10.0,52.920000000000016,43.161,41.521000000000015,9.0,3.1790000000000305,3.1790000000000305,7.0,5.088000000000001,4.059000000000005,5.0,6.177000000000021,4.996000000000009,78.016,4.0,1.1680000000000064,0.9369999999999976,10.0,11.969999999999999,9.87100000000001,46.65899999999999,13.0,7.1839999999999975,4.875,9.0,13.650000000000006,12.082000000000022,51.10400000000001,7.0,2.562000000000012,2.2110000000000127,9.0,14.399000000000001,14.399000000000001,37.49899999999997,7.0,2.6689999999999543,2.316999999999979,59.549,50.43,59.549,50.43,16.54138888888889,1.2580555555555577,7.0,13.0,1997-03-12T00:00:00,WE,CABIROU,Marine,1197084694808797,FRA,,CABIROU Marine,False,0,5,CABIROU M,5,48720000,FRA19970312,6,10009563069,VVR,2096,VOULVOUL RACING,5,21
9,10,2010,SALAZAR Mariana,5,74.988,168.096,218.062,278.629,319.646,9,27,Finished,10007687838,20.0,55.0,10.0,68.79,150.213,191.946,246.081,284.517,11.0,5.0,Finished,75.0,-35.12900000000002,7.0,4.359999999999999,3.5450000000000017,5.0,7.1270000000000095,7.1270000000000095,93.108,4.0,3.582000000000008,3.582000000000008,3.0,6.652000000000015,-3.1229999999999905,49.96600000000001,4.0,1.981000000000023,-10.25,4.0,10.406000000000006,-0.3100000000000023,60.56700000000001,6.0,3.7539999999999907,2.812999999999988,5.0,12.124000000000024,2.365000000000009,41.016999999999996,8.0,2.6750000000000114,2.6750000000000114,10.0,6.3330000000000055,5.304000000000009,10.0,10.829000000000008,9.647999999999996,81.42299999999999,10.0,4.574999999999989,4.34399999999998,9.0,11.695999999999998,9.597000000000008,41.733000000000004,8.0,2.2580000000000098,-0.05099999999998772,10.0,16.406999999999982,14.838999999999999,54.13499999999999,10.0,5.592999999999989,5.24199999999999,10.0,18.093000000000018,18.093000000000018,38.43600000000001,11.0,3.6059999999999945,3.254000000000019,58.17100000000001,56.091,58.17100000000001,56.091,16.158611111111114,1.6408333333333331,10.0,5.0,1994-05-06T00:00:00,WE,SALAZAR,Mariana,1197084694808801,ESA,,SALAZAR Mariana,False,0,10,SALAZAR M,9,48840000,ESA19940506,24,10007687838,DOR,1867,DORVAL AM,10,24
10,29,2029,MARCELLINI Alia,15,79.191,208.924,263.159,327.387,370.436,24,12,Finished,10006825649,,45.0,11.0,70.626,154.115,199.102,253.683,292.962,1.0,15.0,Finished,45.0,-77.47399999999999,14.0,8.563000000000002,7.748000000000005,22.0,47.95500000000001,47.95500000000001,129.733,22.0,40.20700000000001,40.20700000000001,15.0,51.748999999999995,41.97399999999999,54.234999999999985,7.0,6.25,-5.981000000000023,15.0,59.16399999999999,48.44799999999998,64.22800000000001,11.0,7.414999999999992,6.4739999999999895,15.0,62.91399999999999,53.15499999999997,43.04899999999998,11.0,4.706999999999994,4.706999999999994,12.0,8.169000000000004,7.140000000000008,12.0,14.731000000000023,13.550000000000011,83.489,12.0,6.641000000000005,6.409999999999997,11.0,18.852000000000004,16.753000000000014,44.986999999999995,11.0,5.5120000000000005,3.203000000000003,11.0,24.008999999999986,22.441000000000003,54.58099999999999,11.0,6.038999999999987,5.687999999999988,11.0,26.53800000000001,26.53800000000001,39.278999999999996,13.0,4.448999999999984,4.097000000000008,57.684,49.162,57.684,49.162,16.023333333333333,1.7761111111111134,11.0,18.0,1991-07-11T00:00:00,WE,MARCELLINI,Alia,1197084694808816,ITA,,MARCELLINI Alia,False,0,29,MARCELLINI A,24,49290000,ITA19910711,57,10006825649,GIT,1941,GRAVITALIA SQUADRA CORSE,0,27
11,40,2040,WEATHERLY Kate,12,80.122,183.511,256.825,322.294,365.953,34,2,Finished,10073484352,,35.0,12.0,72.962,159.936,203.849,258.918,296.935,4.0,12.0,Finished,35.0,-69.01799999999997,17.0,9.494,8.679000000000002,9.0,22.542,22.542,103.389,9.0,13.863,13.863,13.0,45.41499999999999,35.639999999999986,73.314,21.0,25.329000000000008,13.097999999999985,12.0,54.07099999999997,43.35499999999996,65.469,13.0,8.655999999999977,7.714999999999975,12.0,58.43099999999998,48.67199999999997,43.65899999999999,15.0,5.317000000000007,5.317000000000007,14.0,10.505000000000003,9.476000000000006,14.0,20.55200000000002,19.37100000000001,86.974,14.0,10.126000000000005,9.894999999999996,13.0,23.59899999999999,21.5,43.91299999999998,10.0,4.437999999999988,2.1289999999999907,13.0,29.244,27.676000000000016,55.06900000000002,12.0,6.527000000000015,6.176000000000016,12.0,30.511000000000024,30.511000000000024,38.016999999999996,10.0,3.1869999999999834,2.835000000000008,53.568000000000005,48.678999999999995,53.568000000000005,48.678999999999995,14.880000000000003,2.9194444444444443,15.0,20.0,1997-05-02T00:00:00,WE,WEATHERLY,Kate,1197084694808826,NZL,NCh,WEATHERLY Kate,False,0,40,WEATHERLY K,34,49590000,NZL19970502,245,10073484352,,0,,0,21
12,8,2008,CURD Katy,7,78.592,176.384,227.713,293.089,339.138,8,28,Finished,10006044292,14.0,25.0,13.0,70.374,153.625,200.366,257.978,299.116,9.0,7.0,Finished,39.0,-40.02199999999999,13.0,7.963999999999999,7.149000000000001,7.0,15.414999999999992,15.414999999999992,97.79199999999999,7.0,8.265999999999991,8.265999999999991,6.0,16.302999999999997,6.527999999999992,51.32900000000001,5.0,3.3440000000000225,-8.887,7.0,24.865999999999985,14.149999999999977,65.376,12.0,8.562999999999988,7.621999999999986,7.0,31.615999999999985,21.85699999999997,46.04899999999998,22.0,7.706999999999994,7.706999999999994,11.0,7.9169999999999945,6.887999999999998,11.0,14.241000000000014,13.060000000000002,83.251,11.0,6.403000000000006,6.171999999999997,12.0,20.116000000000014,18.017000000000024,46.741000000000014,14.0,7.2660000000000196,4.957000000000022,12.0,28.304000000000002,26.73600000000002,57.611999999999995,14.0,9.069999999999993,8.718999999999994,13.0,32.69200000000001,32.69200000000001,41.13799999999998,15.0,6.307999999999964,5.955999999999989,54.135,47.425,54.135,47.425,15.0375,2.761944444444447,14.0,23.0,1989-04-27T00:00:00,WE,CURD,Katy,1197084694808800,GBR,,CURD Katy,False,0,8,CURD K,8,48810000,GBR19890427,21,10006044292,,0,,8,29
13,25,2025,HUBSCHER Janine,14,79.367,180.627,244.108,323.773,366.939,22,14,Finished,10059628813,,15.0,14.0,71.87,158.348,204.007,261.599,300.128,2.0,14.0,Finished,15.0,-66.81100000000004,15.0,8.739000000000004,7.924000000000007,8.0,19.658000000000015,19.658000000000015,101.26,8.0,11.734000000000009,11.734000000000009,9.0,32.69800000000001,22.923000000000002,63.480999999999995,16.0,15.49600000000001,3.2649999999999864,13.0,55.55000000000001,44.834,79.66500000000002,27.0,22.852000000000004,21.911,14.0,59.41700000000003,49.658000000000015,43.166,12.0,4.824000000000012,4.824000000000012,13.0,9.413000000000004,8.384000000000007,13.0,18.964000000000027,17.783000000000015,86.47800000000001,13.0,9.63000000000001,9.399000000000001,14.0,23.757000000000005,21.658000000000015,45.65899999999999,12.0,6.1839999999999975,3.875,14.0,31.924999999999983,30.357,57.591999999999985,13.0,9.049999999999983,8.698999999999984,14.0,33.70400000000001,33.70400000000001,38.528999999999996,12.0,3.698999999999984,3.3470000000000084,57.6,49.438,57.6,49.438,16.0,1.7994444444444468,12.0,17.0,1996-11-15T00:00:00,WE,HUBSCHER,Janine,1197084694808814,SUI,,HUBSCHER Janine,False,0,25,HUBSCHER J,22,49230000,SUI19961115,35,10059628813,,0,,0,21
14,20,2020,NOGUEIRA Camila,11,86.683,200.283,255.222,319.312,363.713,18,18,Finished,10008589635,,5.0,15.0,74.26,162.725,209.63,267.43,307.85,5.0,11.0,Finished,5.0,-55.863,24.0,16.055000000000007,15.240000000000009,18.0,39.31399999999999,39.31399999999999,113.59999999999998,16.0,24.073999999999984,24.073999999999984,12.0,43.81200000000001,34.037000000000006,54.93900000000002,8.0,6.954000000000036,-5.276999999999987,11.0,51.089,40.37299999999999,64.09,9.0,7.276999999999987,6.335999999999984,11.0,56.19100000000003,46.432000000000016,44.40100000000001,18.0,6.059000000000026,6.059000000000026,15.0,11.803000000000004,10.774000000000008,15.0,23.341000000000008,22.159999999999997,88.46499999999999,15.0,11.61699999999999,11.385999999999981,15.0,29.379999999999995,27.281000000000006,46.905,15.0,7.430000000000007,5.121000000000009,15.0,37.756,36.18800000000002,57.80000000000001,15.0,9.25800000000001,8.90700000000001,15.0,41.426000000000045,41.426000000000045,40.420000000000016,14.0,5.590000000000003,5.238000000000028,55.248999999999995,50.19,55.248999999999995,50.19,15.346944444444444,2.4525000000000023,13.0,14.0,1993-09-29T00:00:00,WE,NOGUEIRA,Camila,1197084694808810,ARG,,NOGUEIRA Camila,False,0,20,NOGUEIRA C,18,49110000,ARG19930929,25,10008589635,,0,,0,24
15,12,2012,A'HERN Sian,16,79.792,214.591,274.686,344.788,385.411,11,25,Finished,10010802043,,,,,,,,,,,,0.0,,16.0,9.164000000000001,8.349000000000004,23.0,53.622000000000014,53.622000000000014,134.799,24.0,45.27300000000001,45.27300000000001,17.0,63.27599999999998,53.500999999999976,60.09499999999997,14.0,12.109999999999985,-0.12100000000003774,16.0,76.565,65.84899999999999,70.10200000000003,18.0,13.289000000000016,12.348000000000013,16.0,77.88900000000001,68.13,40.62299999999999,6.0,2.281000000000006,2.281000000000006,,,,,,,,,,,,,,,,,,,,,,,,,,,,,,,,,50.43,,50.43,,,,13.0,1998-08-02T00:00:00,WE,A'HERN,Sian,1197084694808803,AUS,,A'HERN Sian,False,0,12,A'HERN S,11,48900000,AUS19980802,16,10010802043,,0,,12,19
16,26,2026,FARIAS MARTINEZ Andrea Francisca,17,84.061,195.462,265.745,344.878,391.318,23,13,Finished,10053571565,,,,,,,,,,,,0.0,,19.0,13.433000000000007,12.61800000000001,15.0,34.492999999999995,34.492999999999995,111.40099999999998,15.0,21.874999999999986,21.874999999999986,16.0,54.33500000000001,44.56,70.28300000000002,19.0,22.29800000000003,10.067000000000007,17.0,76.65499999999997,65.93899999999996,79.13299999999998,26.0,22.319999999999965,21.378999999999962,17.0,83.79599999999999,74.03699999999998,46.44,23.0,8.098000000000013,8.098000000000013,,,,,,,,,,,,,,,,,,,,,,,,,,,,,,,,,49.873999999999995,,49.873999999999995,,,,16.0,1995-07-19T00:00:00,WE,FARIAS MARTINEZ,Andrea Francisca,1197084694808815,CHI,NCh,FARIAS MARTINEZ Andrea Francisca,False,0,26,FARIAS MARTI,23,49260000,CHI19950719,37,10053571565,,0,,0,22
17,23,2023,ARMSTRONG Virginia,18,78.519,204.439,283.647,349.476,393.322,20,16,Finished,10052926416,,,,,,,,,,,,0.0,,12.0,7.891000000000005,7.076000000000008,21.0,43.47,43.47,125.91999999999999,21.0,36.39399999999999,36.39399999999999,20.0,72.237,62.46199999999999,79.208,23.0,31.223000000000013,18.99199999999999,18.0,81.25299999999999,70.53699999999998,65.82900000000001,14.0,9.015999999999991,8.074999999999989,18.0,85.80000000000001,76.041,43.846000000000004,17.0,5.504000000000019,5.504000000000019,,,,,,,,,,,,,,,,,,,,,,,,,,,,,,,,,52.537,,52.537,,,,11.0,1998-06-28T00:00:00,WE,ARMSTRONG,Virginia,1197084694808812,NZL,CCh,ARMSTRONG Virginia,False,0,23,ARMSTRONG V,20,49170000,NZL19980628,29,10052926416,,0,,0,20
18,21,2021,BANDEIRA Margarida,19,85.415,226.609,282.86,351.232,394.773,19,17,Finished,10009023408,,,,,,,,,,,,0.0,,23.0,14.787000000000006,13.972000000000008,25.0,65.64000000000001,65.64000000000001,141.19400000000002,25.0,51.66800000000002,51.66800000000002,18.0,71.45000000000002,61.67500000000001,56.251000000000005,10.0,8.26600000000002,-3.9650000000000034,19.0,83.00900000000001,72.293,68.37200000000001,16.0,11.558999999999997,10.617999999999995,19.0,87.25100000000003,77.49200000000002,43.541,14.0,5.199000000000012,5.199000000000012,,,,,,,,,,,,,,,,,,,,,,,,,,,,,,,,,57.516000000000005,,57.516000000000005,,,,3.0,1996-12-25T00:00:00,WE,BANDEIRA,Margarida,1197084694808811,POR,NCh,BANDEIRA Margarida,False,0,21,BANDEIRA M,19,49140000,POR19961225,26,10009023408,,0,,0,21
19,33,2033,LEIVSDOTTIR Vera,20,82.441,198.612,283.87,356.227,401.354,28,8,Finished,10010898134,,,,,,,,,,,,0.0,,18.0,11.813000000000002,10.998000000000005,17.0,37.643,37.643,116.17099999999999,18.0,26.644999999999996,26.644999999999996,21.0,72.46000000000001,62.685,85.25800000000001,25.0,37.273000000000025,25.042,20.0,88.00399999999996,77.28799999999995,72.35699999999997,22.0,15.543999999999954,14.602999999999952,20.0,93.832,84.07299999999998,45.12700000000001,19.0,6.785000000000025,6.785000000000025,,,,,,,,,,,,,,,,,,,,,,,,,,,,,,,,,46.248000000000005,,46.248000000000005,,,,24.0,1991-09-25T00:00:00,WE,LEIVSDOTTIR,Vera,1197084694808820,NOR,,LEIVSDOTTIR Vera,False,0,33,LEIVSDOTTIR,28,49410000,NOR19910925,116,10010898134,,0,,0,26
20,13,2013,CAPPELLARI Carina,21,76.437,202.17,283.523,361.367,413.092,12,24,Finished,10006911535,,,,,,,,,,,,0.0,,10.0,5.8089999999999975,4.994,20.0,41.20099999999999,41.20099999999999,125.73299999999999,20.0,36.206999999999994,36.206999999999994,19.0,72.11300000000003,62.33800000000002,81.35300000000004,24.0,33.36800000000005,21.13700000000003,22.0,93.144,82.428,77.844,25.0,21.030999999999977,20.089999999999975,21.0,105.57,95.81099999999998,51.724999999999966,27.0,13.382999999999981,13.382999999999981,,,,,,,,,,,,,,,,,,,,,,,,,,,,,,,,,48.858999999999995,,48.858999999999995,,,,19.0,1991-11-06T00:00:00,WE,CAPPELLARI,Carina,1197084694808804,SUI,NCh,CAPPELLARI Carina,False,0,13,CAPPELLARI C,12,48930000,SUI19911106,10,10006911535,MNR,2039,HIAG DATA - NS-BIKES FACTORY RACING,13,26
21,17,2017,CHAPPAZ Melanie,22,85.053,196.024,287.338,359.049,413.227,15,21,Finished,10011008066,,,,,,,,,,,,0.0,,21.0,14.424999999999997,13.61,16.0,35.05500000000001,35.05500000000001,110.971,14.0,21.445000000000007,21.445000000000007,22.0,75.92800000000003,66.15300000000002,91.31400000000002,26.0,43.329000000000036,31.098000000000013,21.0,90.82599999999996,80.10999999999996,71.71099999999996,20.0,14.89799999999994,13.956999999999937,22.0,105.70499999999998,95.94599999999997,54.178,28.0,15.836000000000013,15.836000000000013,,,,,,,,,,,,,,,,,,,,,,,,,,,,,,,,,50.047,,50.047,,,,15.0,1999-03-12T00:00:00,WE,CHAPPAZ,Melanie,1197084694808807,FRA,,CHAPPAZ Melanie,False,0,17,CHAPPAZ M,15,49020000,FRA19990312,12,10011008066,HTH,3167,HOPE TECHNOLOGY,0,19
22,37,2037,BATTOLLA Eva,23,84.993,244.046,303.192,375.216,420.616,31,5,Finished,10010936631,,,,,,,,,,,,0.0,,20.0,14.364999999999995,13.549999999999997,26.0,83.077,83.077,159.053,26.0,69.527,69.527,24.0,91.78200000000001,82.007,59.146000000000015,12.0,11.16100000000003,-1.0699999999999932,23.0,106.993,96.27699999999999,72.024,21.0,15.210999999999984,14.269999999999982,23.0,113.094,103.33499999999998,45.39999999999998,20.0,7.057999999999993,7.057999999999993,,,,,,,,,,,,,,,,,,,,,,,,,,,,,,,,,51.986000000000004,,51.986000000000004,,,,12.0,1998-12-05T00:00:00,WE,BATTOLLA,Eva,1197084694808823,SUI,,BATTOLLA Eva,False,0,37,BATTOLLA E,31,49500000,SUI19981205,192,10010936631,,0,,20,19
23,30,2030,BALANCHE Camille,24,88.363,193.682,306.843,377.941,423.346,25,11,Finished,10016567984,,,,,,,,,,,,0.0,,26.0,17.735,16.92,13.0,32.712999999999994,32.712999999999994,105.31899999999999,10.0,15.792999999999992,15.792999999999992,25.0,95.43300000000002,85.65800000000002,113.16100000000003,27.0,65.17600000000004,52.94500000000002,24.0,109.71799999999996,99.00199999999995,71.09799999999996,19.0,14.28499999999994,13.343999999999937,24.0,115.82400000000001,106.065,45.40500000000003,21.0,7.063000000000045,7.063000000000045,,,,,,,,,,,,,,,,,,,,,,,,,,,,,,,,,47.826,,47.826,,,,22.0,1990-03-01T00:00:00,WE,BALANCHE,Camille,1197084694808817,SUI,,BALANCHE Camille,False,0,30,BALANCHE C,25,49320000,SUI19900301,60,10016567984,,0,,17,28
24,32,2032,BJORKMAN Josefine,25,88.151,222.759,291.33,378.444,425.266,27,9,Finished,10007928015,,,,,,,,,,,,0.0,,25.0,17.522999999999996,16.708,24.0,61.78999999999999,61.78999999999999,134.608,23.0,45.08200000000001,45.08200000000001,23.0,79.91999999999999,70.14499999999998,68.571,18.0,20.586000000000013,8.35499999999999,25.0,110.221,99.505,87.11400000000003,28.0,30.301000000000016,29.360000000000014,25.0,117.74400000000003,107.98500000000001,46.822,24.0,8.480000000000018,8.480000000000018,,,,,,,,,,,,,,,,,,,,,,,,,,,,,,,,,45.727,,45.727,,,,26.0,1994-02-24T00:00:00,WE,BJORKMAN,Josefine,1197084694808819,SWE,N,BJORKMAN Josefine,False,0,32,BJORKMAN J,27,49380000,SWE19940224,98,10007928015,,0,,0,24
25,39,2039,PAGEAU Rachel,26,85.11,194.565,312.469,380.844,429.534,33,3,Finished,10008178595,,,,,,,,,,,,0.0,,22.0,14.482,13.667000000000002,14.0,33.596000000000004,33.596000000000004,109.455,11.0,19.929000000000002,19.929000000000002,26.0,101.059,91.28399999999999,117.904,29.0,69.91900000000001,57.68799999999999,26.0,112.62099999999998,101.90499999999997,68.375,17.0,11.561999999999983,10.620999999999981,26.0,122.012,112.25299999999999,48.69,26.0,10.348000000000013,10.348000000000013,,,,,,,,,,,,,,,,,,,,,,,,,,,,,,,,,44.221000000000004,,44.221000000000004,,,,27.0,1995-08-01T00:00:00,WE,PAGEAU,Rachel,1197084694808825,CAN,,PAGEAU Rachel,False,0,39,PAGEAU R,33,49560000,CAN19950801,199,10008178595,,0,,0,22
26,14,2014,MILLER Miranda,27,112.159,279.009,355.951,423.792,467.61,13,23,Finished,10005872726,,,,,,,,,,,,0.0,,28.0,41.531000000000006,40.71600000000001,27.0,118.04000000000002,118.04000000000002,166.85000000000002,28.0,77.32400000000003,77.32400000000003,28.0,144.54100000000003,134.76600000000002,76.94200000000001,22.0,28.957000000000022,16.726,27.0,155.56899999999996,144.85299999999995,67.84099999999995,15.0,11.027999999999935,10.086999999999932,27.0,160.08800000000002,150.329,43.81800000000004,16.0,5.476000000000056,5.476000000000056,,,,,,,,,,,,,,,,,,,,,,,,,,,,,,,,,53.351000000000006,,53.351000000000006,,,,9.0,1990-03-02T00:00:00,WE,MILLER,Miranda,1197084694808805,CAN,WCh,MILLER Miranda,False,0,14,MILLER M,13,48960000,CAN19900302,8,10005872726,SGR,1667,SPECIALIZED GRAVITY,14,28
27,19,2019,RONNING Frida Helena,28,132.424,294.43,354.482,429.022,476.223,17,19,Finished,10008084326,,,,,,,,,,,,0.0,,29.0,61.79600000000001,60.98100000000001,28.0,133.461,133.461,162.006,27.0,72.48,72.48,27.0,143.07200000000003,133.29700000000003,60.05200000000002,13.0,12.067000000000036,-0.16399999999998727,28.0,160.79899999999998,150.08299999999997,74.53999999999996,24.0,17.726999999999947,16.785999999999945,28.0,168.70100000000002,158.942,47.20100000000002,25.0,8.859000000000037,8.859000000000037,,,,,,,,,,,,,,,,,,,,,,,,,,,,,,,,,46.14,,46.14,,,,25.0,1995-07-09T00:00:00,WE,RONNING,Frida Helena,1197084694808809,NOR,NCh,RONNING Frida Helena,False,0,19,RONNING F,17,49080000,NOR19950709,18,10008084326,,0,,19,23
28,36,2036,GREEN Sumayyah,29,109.34,322.847,440.063,585.294,643.636,30,6,Finished,10016172712,,,,,,,,,,,,0.0,,27.0,38.712,37.897000000000006,29.0,161.878,161.878,213.50699999999998,29.0,123.98099999999998,123.98099999999998,29.0,228.653,218.878,117.21600000000001,28.0,69.23100000000002,57.0,29.0,317.07099999999997,306.35499999999996,145.231,29.0,88.41799999999998,87.47699999999998,29.0,336.114,326.35499999999996,58.341999999999985,29.0,20.0,20.0,,,,,,,,,,,,,,,,,,,,,,,,,,,,,,,,,41.466,,41.466,,,,28.0,1999-05-13T00:00:00,WE,GREEN,Sumayyah,1197084694808822,GBR,,GREEN Sumayyah,False,0,36,GREEN S,30,49470000,GBR19990513,179,10016172712,,0,,0,19
29,24,2024,RUTZ Lea Salome,30,,,,,,21,15,DNF,10010012000,,,,,,,,,,,,0.0,,,,,,,,,,,,,,,,,,,,,,,,,,,,,,,,,,,,,,,,,,,,,,,,,,,,,,,,,,,,,,,,,,,,,,,,1995-01-25T00:00:00,WE,RUTZ,Lea Salome,1197084694808813,SUI,,RUTZ Lea Salome,False,0,24,RUTZ L,21,49200000,SUI19950125,32,10010012000,,0,,0,23
30,31,2031,ARACIL ALBA Blanca,31,,,,,,26,10,DNF,10009895701,,,,,,,,,,,,0.0,,,,,,,,,,,,,,,,,,,,,,,,,,,,,,,,,,,,,,,,,,,,,,,,,,,,,,,,,,,,,,,,,,,,,,,,1998-11-20T00:00:00,WE,ARACIL ALBA,Blanca,1197084694808818,AND,N,ARACIL ALBA Blanca,False,0,31,ARACIL ALBA,26,49350000,AND19981120,67,10009895701,,0,,0,19
31,34,2034,MISSIAGGIA Alessia,32,,,,,,29,7,DNF,10011213786,,,,,,,,,,,,0.0,,,,,,,,,,,,,,,,,,,,,,,,,,,,,,,,,,,,,,,,,,,,,,,,,,,,,,,,,,,,,,,,,,,,,,,,1999-01-29T00:00:00,WE,MISSIAGGIA,Alessia,1197084694808821,ITA,,MISSIAGGIA Alessia,False,0,34,MISSIAGGIA A,29,49440000,ITA19990129,132,10011213786,,0,,0,19
32,41,2041,STRAEDET Hilde,33,,,,,,35,1,DNF,10010681906,,,,,,,,,,,,0.0,,,,,,,,,,,,,,,,,,,,,,,,,,,,,,,,,,,,,,,,,,,,,,,,,,,,,,,,,,,,,,,,,,,,,,,,1986-03-17T00:00:00,WE,STRAEDET,Hilde,1197084694808827,NOR,N,STRAEDET Hilde,False,0,41,STRAEDET H,35,49620000,NOR19860317,0,10010681906,,0,,0,32
33,1,2001,NICOLE Myriam,34,,,,,,1,35,DNS,10004535237,,,,,,,,,,,,0.0,,,,,,,,,,,,,,,,,,,,,,,,,,,,,,,,,,,,,,,,,,,,,,,,,,,,,,,,,,,,,,,,,,,,,,,,1990-02-08T00:00:00,WE,NICOLE,Myriam,1197084694808793,FRA,WCL,NICOLE Myriam,False,0,1,NICOLE M,1,48600000,FRA19900208,1,10004535237,CVN,1590,COMMENCAL / VALLNORD,1,28
34,38,2038,HARNDEN Catherine,35,,,,,,32,4,DNS,10010084546,,,,,,,,,,,,0.0,,,,,,,,,,,,,,,,,,,,,,,,,,,,,,,,,,,,,,,,,,,,,,,,,,,,,,,,,,,,,,,,,,,,,,,,1992-12-21T00:00:00,WE,HARNDEN,Catherine,1197084694808824,CAN,,HARNDEN Catherine,False,0,38,HARNDEN C,32,49530000,CAN19921221,193,10010084546,,0,,0,25
